,video_id,suggested_words
10,7355673433931287850,"What's Up Brother, sketch, Whats Up Brother It's Tuesday, Tuesday Sketch, tuesday tuesday, whats up brother it's tuesday original, sketch what's up brother, tuesday tuesday sketch, original whats up brother, wassup brother"
11,7331942372697328938,"Dodgeball, adultdodgeball, how to throw a foam dodgeball with power, people raging in dodgeball, how to throw a dodgeball, How To Throw A Dodgeball With Power, professional dodgeball, how to throw a dodgeball hard, competitive dodgeball, dodgeball god mode"
15,7340501910652308778,"how to curl hair, How To Curl Hair Straightener, curl with straightener, Curling Hair Tutorial, how to curl in flat iron, How To Straighten Hair, curling iron, beach waver curler, Hair Curler, ella bella curling iron"
20,7357991940442443013,"mountain descent filter, kawasaki cargo, mountain descent, kawasakisaki, mountain filter, Filter Challenge, mountain, Mountain Hiking, Upside Down Filter, Mountain View"
29,7350358764765121823,"kawasaki cargo, basketball moves, basketball, pro hop basketball, pro hop, Basketball TikTok, hops, basketball skills, Basketball Players, Basketball Tips"
30,7356167772407205163,"when you're ready to leave the class, roblox animation, animation, Pork Chop Animation, Life Is Like Roblox, scary roblox games, ascent roblox, chop chop, life is roblox, roblox games to play"
34,7345468827741867295,"hair transformation, hair transition, short hair, Pink Hair, My Hair, hair cut transformation, Hair Transformation Transition, Hair Change Transition, Short Hair Transformation, Pink Hair Transformation"
37,7327093253046537514,"back cracks, Calisthenics, Calisthenics Exercises, stretch exercises, Back Stretches, Stretches For Flexibility, Flexibility Exercises, Back Cracking Device, Flexibility Workout, Back Bone"
42,7341261621597179141,"notsadiemckenna, paint, Paintings, Paint Art, Paintings On Canvas, Canvas Painting, Portrait Painting, painting pictures, painting wall, Paint Pouring On Canvas"
53,7342048744268926215,"nct wish, nct official, sakuya nct wish, ryo and sakuya, sakuya voice, nct, sakuryo, ryo nct wish"
63,7332586985107770666,"finding middle school notes, elementary school drama, reading notes passed by my students, elementary drama, finding elementary notes, school officer, teachers of tiktok, teacher teaching, a teacher, teacher that reads sticky notes from her students"
66,7357374347872455942,"justcherrykeem, cherry karina, karina and kamila, cherry twin, karina and boyfriend, Kamila, what happened to karina and kamila, cherry keem, karina and heeseung, Karina And Hakken"
71,7342479375817870610,octpath
76,7351522484606487854,"K Shami, k shami height, k shami interview, Syrian Psycho, 5 11 height, height trend, me checking our height difference, checking height difference, match the height to the person, 5'4 next to 6'3"
81,7347169777103883566,"lip gloss lil mama, Sturniolo Triplets, Sturniolo’s, nick sturniolo, sturniolo funny moments, nicolassturniolo, Sturniolo Triplets Funniest Moments, the sturniolo triplets, matt sturniolo, lil mama"
83,7344400803928493343,"coffee bean brunette, brunette hair, coffee bean hair, brunettes, hair color, brunette with highlights, Brunette Hair Dye, Brunette Hair With Highlights, Hair Highlights, Coffee Beans"
89,7357762031556021546,"chocolate cake mukbang, chocolate cake, matilda chocolate cake, matilda cake, chocolate mukbang, pastel de chocolate, chocolate cake asmr, Chocolate Desserts, Chocolate, food tok"
90,7342929051662683434,"shut up count the calories, count your calories, shut up count your calories up, how to count calories, do you think she will like me, gymtok, Gym Tiktok, gym videos, Gym Workouts, Gym Workouts TikTok"
91,7338688238455885058,"nct wish, nct official, wayv official, sion, ten nightwalker, NCT - Ten, riku nct wish, nct wish ten, ten predebut, Ten NCT Funny Moments"
98,7326107143331925279,"Madeira Island, madeira island girls, Madeira, Madeira, Portugal, mega american duet, Landing In Madeira, Island Girl Abby"
101,7353828314257149227,"hello sunday sunscreen, glow screen, Supergoop Sunscreen, La Roche Sunscreen, Innisfree Sunscreen, first aid beauty sunscreen, Best Sunscreen For Face, mineral vs chemical sunscreen, tinted sunscreen, La Roche Posay Sunscreen"
111,7338889979269106986,"slugging face, diaper cream on face, triple paste for face, zinc oxide on face, sudocrem for face, Retinol For Beginners, triple paste, What Is Slugging Your Face, slugging skincare, what is slugging"
116,7335644224995609899,"larry bird, basketball videos, Basket Ball, Basketball Players, Basketball Sport, Basketball People, UCLA, basketball skills, larry bird grandson, only basketball"
120,7342818453268483330,"me laughing before telling the joke, Laughing Before The Joke, funny vídeos, Relatable Funny Videos, Funny Joke Videos, laughing out loud, hilarious joke, humor jokes, People With Funny Laughs, people with hilarious laughs laughing"
123,7342473065940421930,"dune 2 popcorn bucket, Dune, poor thing, poor things palomera, poor things boleto, dune sandworms, dune edit, dune 2 trailer, dune: part two, Dune: Part 2 Sandworm Scene"
125,7332726002407296299,"Animation, Animation Drawing, Animation Movie, Animation Procreate, Life Is Like Roblox, scary roblox games, life is roblox, ascent roblox, Sleep Paralysis, axolotl animation minecraft"
129,7347913847673556230,"Zawg And Shlawg, classic man by jidenna, Zawg, zawg and shlawg original video, classic man, couch dog, dogs in human clothes, Samoyed Dog, Dogtok, dogs of TikTok"
138,7343372711785172267,"joke, black shirt, Tie Dye Shirt, gen z is unserious, aesthetic meaning"
143,7339809614336134402,"RIIZE, Mark Lee, nct wish, nct dream, love 119, wonbin, siren by riize, NCT 127, markno, love 119 sped up"
144,7339742768891219242,"v shaped haircut, layered haircut, mid length hair, short hair, v cut haircut, long hair, hair cut, V Shaped Hairstyles, haircut style, Long Hair Haircut"
145,7332830116952820994,"fortnite, loot vacuum fortnite, fortnite with gf, loot vacuum, loot thieves fortnite, vacuum cleaner fortnite, Fortnite New Season, loot princess fortnite, lightsaber fortnite, Fortnite Video"
147,7331434054966840581,"Leg Press, quads workout women, inner leg workout, Goblet Squats, Quads Workout, Glutes Workouts, Bulgarian Splitsquats, sumo squats women, Squats, Squats Exercises"
148,7340019802838388014,"american horror show, american horror show dance, Snow Wife, hula hoop dance, brandahoops, Hula Hoop Tricks, hoop dancing, Hula Hoop, transitions, hula hoop isolation"
149,7333599052103191815,"Keeho, nct official, mark lee, P1Harmony, killin it p1harmony, nct, killin it dance tutorial, keeho p1harmony, NCT 127, keeho and mark"
163,7327357003523820842,"i wanna test the game roblox, you never see it coming speed run, how to beat the first level of i wanna test the game, hardest roblox obby, last surprise, how to beat level 1 in i wanna test the game, i wanna test the game (beta test), how to beat i wanna test the game roblox, i wanna test the game stage 2, i wanna test the game level 1"
166,7343342980490661162,".gina.lynn, lemonade alright, Chicken Little, no chick fil a sauce hello kitty, chick fil a, Duck From Chicken Little, hello kitty chick fil a, Lemonade, no chick, No Chick-fil-A Sauce Video Viral"
171,7334211702524808490,"of course we are mother and daughter, kaylee_payment1021, of course were dad and daughters, my daughter is a b of course, ofc were father and daughter, dad and daughters trend, of course, ofc were mom and daughter my daughters a b, were mom and daughter, of course were dad and daughters funny"
173,7346299812750576942,"power of a haircut, Spooderman, Spider Man Mask, haircut, haircut transformation, power of a haircut spiderman, Andrew Garfield, buzz cut, spiderman edit, Spider Man Cosplay"
174,7339407306200845569,"Nene, nene 2gether, wayv official, nene ten, nene running in heels, Nene Funny Moments, ten out of ten laughing, Ten NCT Funny Moments, ten predebut, season 12 nene"
175,7333413001292336430,"Apple Vision Pro, Robot Dog, apple vision pro footage, apple vision, the future is here, simpson vision pro, Vision Pro, apple vision pro 2024, future, Robots"
178,7350535292735999238,"Volley Ball, Volleyball Clips, volleyball games, volleyball edit, volleyball moments, Volleyball Gameplay, volleyball hitters, Serve In Volleyball, double contact volleyball, Volleyball Highlights"
181,7353459923642125614,"ted talks memes, ted talks trend, TED Talk, jonathangasx, focus on your major not minor, ted talk filter screaming guy, focus on your major, college, College Students, College TikTok"
182,7350036406774910251,"riddles, spell candy in 2 letters, how to spell candy in 2 letters real answer, joe mele, spell candy in 2 letters explained, candy in two letters answer, c and y, spell candy in two letters real answer, joe mele girlfriend, riddles challenge"
185,7344324547706981650,"the boyz, younghoon the boyz, younghoon, taeyong, younghoon sullyoon, tap taeyong dance tutorial, younghoon edit, younghoon crying, NCT 127, taeyong lee"
188,7339990762685238533,"yandere ai girlfriend simulator, evil ai girlfriend, green skull, ai girlfriend escape, convince an ai to leave, AI Animation, ai2u girlfriend, ai game filter, escaping my evil girlfriend actually leaving, aifriend"
191,7355712895109319941,"solar eclipse incident, eclipse 2024, solar eclipse glass, solar eclipse footage, solar eclipse america, eye doctors after the eclipse, annual solar eclipse, 2024 eclipse footage, eclipse 8 april 2024, solar eclipse shadows"
195,7335213980144749854,"Spider Man Vr Game, bone lab, vr games, spiderman vr, spiderman game, Marvel's Spider-Man Game, Spider-Man Spider, Spider-man Game Teeth, Amazing Spider Man, The Amazing Spider-Man"
198,7331025252006300958,"pickled vegetable, Pickled Cucumbers, Pickle, why have they pickled cucumbers, how are pickles made, How To Make Pickles, pickled cucumbers lady, pickled carrot, Vegetable, rhianna"
208,7327648869951507717,"embrace pastel ghosts, trippy visuals, Dream, dreamy effect, Trippy Paintings, Optical Illusion, Ghost Cake Pop, illusions eye effect, In Dreams, Flying Dreams"
209,7340437656888724778,"Vaseline Lotion, Vaseline Gluta Hya Lotion, Vaseline Body Oil, vaseline gluta hya, Melted Vaseline, big vaseline stick, slugging vaseline, vaseline yellow container, vaseline grandma, Vaseline Cocoa Butter"
214,7344887104960285958,"as trend, what does as mean, adultswim, as commercial, what does as, as trend explained, adultswim trend, as trend explication, adultswim commercial"
218,7356316529136438574,"sketch, what's up brother, sketch what's up brother, check check tuesday impression, sketch tuesday, wassup brother, tuesday tuesday, check tuesday sketch, wassup brother original video, sketch roblox"
219,7331776613459217707,"just ate half my food, just ate half, just ate half my sandwich, just ate half my food original, ate half, save the other half for later, ate half the sandwich, gonna save the other half for later, Dr Pepper, just eat"
221,7344437657751112990,"acrophobia, what is acrophobia, acrophobia test, acrophobia meaning, relaxing views, view, beautiful views, Refreshing Views, Nature Views, Relaxing Nature Videos"
225,7331831178653076742,"Excuse Me Bruh, lacrosse, how old is bella, kylact, bella crawling across the table, bella what did they say, kylact crawling on table, kylact meme table, bella brave crawling on table, kylact what did they say"
229,7344155387504987435,"biden hq tiktok account, biden ban tiktok, UnderTheDeskNews"
235,7345926995009670430,"pirate video game screens, what does it mean to pirate a game, pirate games creepy screen, pirated game screens, what is piracy, pirate video games, anti piracy screen mario kart, anti piracy video games, pirate games, how to pirate games"
239,7350934517437271298,"who you foolin mark lee, mark lee, mark who you foolin, nct dream, who you foolin, NCT 127, who you foolin' lyrics, tell em mark lee, smoothie nct dream, who you foolin trend"
243,7353485079387049233,"Taeyong, nct dream, smoothie nct dream, Haechan, NCT 127, haechan mad at taeyong, Jaemin, Smoothie, Taeyong Lee, NCT Members"
245,7359616483313454378,"Barstooloutdoors, Helicopter Ride, Helicopter Helicopters, Travelling With Helicopter, Helicopter Cartwheel Gymnastic, Helicopter Experience, Helicopter Cartwheel, helicopter mounting tv antenna, Helicopter Takes Water From Pool, helicopter volcano"
252,7350718404279438634,"punching game nyc, punching game, haleyybaylee punch, City Girls, New York Manhattan"
257,7349456633438719238,"bmw, CapCut, woah i saw her, i saw she hit me like tadow, i saw her she hit me like tadow, edits, Car Edits, she hit like tadow, tadow transition, capcut edit"
261,7331926837020462379,"led light bedroom, Astronaut Projector, projector led lights, Led Lights, astronaut led light, galaxy light projector, beam stellar, Projector In Bedroom, projector light, projector"
264,7352400223223778602,"trio friend group, softyxeva, i love being in a trio, being in a trio, trio friendships, Trios Being Left Out, Spin Me Round, Best Trios, duo in every trio"
266,7348966150723833134,"lift luxe review, the prototype vs product, lift luxe chain, lovin on me, Home Decor, Home Decoration, Decor, Decor Your Home, Home Decor TikTok, Home Decor Styles"
267,7351900211641388330,"connor price, lightning strike, Lighting, Balloons In The Sky, balloons in car, lightning bending, thunder lightning, balloon drop, balloons tied to car, Lightning Background"
273,7327138170875743530,"midnight snack, Snack, foodtiktok, girl snack, Food On TikTok, Late Night Snacks, TikTok Snacks, Snacks Time, Midnight, snack box"
278,7338858815372135723,"ketoconazole shampoo, Nizoral Shampoo, ketoconazole shampoo for hair growth, Anti Dandruff Shampoo, ketoconazole shampoo hair loss, shampoo, hair growth, dandruff shampoo, Haircare Products, haircare"
279,7339132110650756370,"nct wish, NCT Dream, sion, sion nct wish, sion and jaehyun, nct wish member, Make A Wish Song By NCT, Riku Kingdom Hearts Intro, Make A Wish - NCT, NCT 127"
280,7339893229220973825,"roses juice wrld, roses are red violet is blue, why did i fall for you, roses are red violet is blue juice wrld, Roses, roses are red lyrics song, roses are red violet is blue why did i fall for you, roses are red violet is blue lyrics, roses lyrics, roses are red"
287,7349363921565830443,"Babadook, the babadook, im amanda, never call me dookie, funny roblox avatars, how to get the big head in roblox, big head roblox, when you look nothing like your roblox avatar, who are you playing with amanda, when your roblox avatar doesn't match"
296,7351482463648091434,"House Car, Marriage TikTok, Married Life, Marriage, Cleaning Kitchen, Cleaning Kitchen Sink, Cleaning Kitchen Cabinets, Marriage Humor, To My Husband, My Happy Marriage"
297,7338877566675143941,"yandere ai girlfriend simulator, yandere ai girlfriend simulator escaping success, how to download yandere ai girlfriend on mobile, ai girlfriend escape, evil ai girlfriend, ai2u girlfriend, yandere ai girlfriend, how to download yandere ai girlfriend on android, how to download yandere ai girlfriend, yandere ai girlfriend simulator mobile"
301,7352347908710124817,"baby monster, sheesh babymonster, illit members names, illit ミンジュ, Magnetic Tiles, Can You Say Magnetic, BTS, BabyMonster Girl Group, Magnetic Rollers, Kpop BTS"
302,7345930695547604270,"six flags, six flags over texas, superman six flags, six flags great adventure, six flags mountain magic, hurricane katrina six flags, Six Flags Great America, Six Flags New England, superman ride six flags, six flags fiesta texas"
310,7354499835292077355,"chocolate, macdonald's, Rich, Mcdonald's Chocolate Pie, rich lifestyle, big chocolate, mcdonalds drive thru, Rich Life, Chocolate Chips, Chocolate Truffles"
313,7346683436297358634,"totaled car, 2023 nissan rogue, tesla model 3, tesla, tesla wreck, getting a new car after a wreck, totaled car by tesla, Electric Car, New Car, New Electric Car"
314,7327215712529927444,"NCT Dream, littlebit, winwin edit, little bit nct, ten wayv, wayv official, nct wish, NCT 127, Yangyang WayV, Ten"
319,7337297791850417410,"salt transition, salt transition breaking bad, transitions, Transition Videos, Transition Tutorials, Transition Videos Tutorial, Camera Transition, How To Do Transition, smelling salt, transition trend"
320,7330572727667182894,"maze bank, johnny and breckie, neon breckie hill, Breckie Hill Kiss In The Pool, maze bank in real life, breckie hill ick song, breckie hill skateboard video, connor bedard breckie hill, Jynxzi And Ash, breckie hillnike pro"
329,7349281198444743979,"guess who's deaf, Wonder Movie, auggie, wonder, wonder auggie, Deaf, deaf people, deaf person talking, Guess Whos Deaf And Who Can Hear, Tone Deaf"
331,7349347917330697503,"excavator unscrews, Excavator, can you unscrew an excavator, biggest excavator, excavator skills, Excavator Operator, excavator videos, Construction Videos, Construction, Construction Work"
332,7335075173214866706,"nct wish, sion, sion nct wish, jaehee nct wish, NCT Dream, jaehee, member nct wish, ryo and renjun, sion and jaehyun, sakuya nct wish"
333,7341142695340936491,"guess the doppelganger game bad ending, papers please, that's not my neighbour, doppelganger game, guess the doppelganger game, that's not my neighbour bad ending, paper please game, guess the doppelganger, how to download that's not my neighbor, how to download that's not my neighbor on mobile"
334,7356249644688575751,"nct wish, TOMORROW X TOGETHER, NCT Dream, soobin, sion nct wish, sakuya nct wish, Soobin TXT, nct hand sign, txt nct wish, Make A Wish Song By NCT"
338,7343621419617602823,"nct wish, Taeyong, sion and jaehyun, sion, nct dream, sion nct wish, tap tap taeyong, Taeyong Lee, nct wish member, Taeyong Songs"
342,7346667297399999749,"Minecraft, jenny mod minecraft, rick roll, minecraft cave sound, minecraft horror, herobrine minecraft, Jenny Mod, cave dweller minecraft, Minecraft Music, people react to minecraft cave noises"
351,7350506100669664558,"my feet off the ground, jasm1nnn green hoodie spinning me around original, .jasm1nnn, you're spinning me around my feet are off the ground, spinning, Spinning Exercise, Gym Workout, gym, Gym Fitness, Gym Tiktok"
357,7331057899306749215,"dimensional brunette, Balayage, brunette balayage, espresso brown hair, blonde hair inspo, brunette hair, brunette highlights, chocolate brown hair, brunette hair inspo, Caramel Balayage"
360,7347644268242078984,"nct wish, nct dream, to x, to x taeyeon dance, to x dance tutorial, yushi nct wish, taeyeon to x, to x taeyeon lyrics, haechan to x, Make A Wish Song By NCT"
362,7344734590382148871,"taeyong, jungwoo dance, newmusic, jungwoo mullet, NCT 127, Lee TaeYong, Taeyong Songs, Taeyong NCT Baggy Jeans, taeyong and jaehyun, bow bow bow taeyong"
366,7347781114192252202,"Icon Of The Seas, carnival cruises, Royal Caribbean Cruise, Cruise Ship, Royal Caribbean, disney cruise, cruise, Icon Of The Seas Royal Caribbean, cruise ship vacation, brandonb"
370,7353859066931825937,"riize, NCT Dream, nct official, nct, nomin, nct wish, smoothie nct dream, smoothie dance tutorial, Mark Lee, Smoothie"
373,7335750741329595650,"wayv official, NCT Dream, night walker ten, Ten, ten lee, nightwalker, Taeten NCT, ten predebut, ten out of ten laughing, water ten lee"
379,7329989195349380357,"figaro chain, clasp, Pendant, figaro link chain, the clasp wanting to be the pendant, Chain Design, Customized Pendants, Gold Pendant, Link Chain, Lip Combo"
383,7351567146469608746,"k shami interview, k shami on the news, k shami on tv, K Shami, k shami interview on tv, k shami news, syrian psycho tv, k shami on the news interview, k shami height, syrian psycho tv show interview"
384,7350200254295493934,"hijab, Hijab TikTok, Muslim, Wearing The Hijab, Colorful Hijab, Hijab Style, Chiffon Hijab, hijab over hoodie, Hijab Cosplay, Hijabis In Shorts"
385,7327496864880905518,"ketchup test, ketchup on counter, ketchup test meaning, ketchup on counter theory, how to clean ketchup off counter, orange peel theory, ketchup test explained, what is the ketchup test, cleaning ketchup, the ketchup test"
388,7357430558491970821,"2000 Makeup, makeup looks, korean makeup, 2000's Inspired Makeup, Y2K Makeup Looks, 10 Minute Makeup, Early 2000s Makeup, eye makeup, K-Beauty Makeup, Korean Eye Makeup"
393,7331052982584265990,"the man from the fog, cave dweller, the man from the fog mod como baixar, the man from the fog mod, Minecraft, cave dweller minecraft, minecraft mod terror, the man from the fog para bedrock, the man from the fog mod mobile, minecraft terror"
397,7339277443032681735,"mr bean car, mr bean theme song, mr bean cartoon, mr bean song, mr bean bean song, mr bean theme, mr bean car in real life, Mrbean, mr bean music, Mr Bean Edgar Cut"
401,7352449308572028176,"The Boyz, jacob the boyz, kevin the boyz, NCT Dream, smoothie dance tutorial, mark lee, smoothie nct dream, the boyz nct dream, jacob lee, mark smoothie"
402,7329988492660919594,"inmigracion, Consultant Immigration, chinese migrants usa, Travel, Immigrants Reunited With Family"
405,7330046043561757995,"Scrub Daddy, where'd all the time go, scrub daddy sponge, scrub daddy now, scrub daddy bundle, shark tank scrub daddy regret, scrub daddy shark tank deal, scrub daddy on shark tank, scrub daddy's sharktank, scrub daddy's grill"
410,7341796797406383366,"infinite craft, infinite craft human, infinite craft mobile, infinite craft in infinite craft, Freddy Krueger, infinite craft gojo, how to play infinite craft, how to make life in infinite craft, FNAF, how do you make human in infinite craft"
412,7342274807154724102,"Skateboarding, Skateboarding Tricks, Skateboard Skills, Skates, Flips And Tricks, Easy Skate Board Tricks, Skate Life, How To Kickflip On A Skateboard, Easy Beginner Skateboard Tricks, Professional Skateboarding Skill"
416,7355746560136858881,"NCT Dream, Chenle, smoothie nct dream, とき宣, Doyoung, NCT Haechan, Chenle Edits, chenle nmixx dance bareng, Sungchan NCT, Renjun - NCT"
420,7331877431885794566,"makeup, Curler, hair curler, Get Ready With Me Makeup Video, Get Ready With Me Makeup, get ready with me, Straightener, outfit inspo, grwm make up routine, Curly Hair Outfit"
424,7339362758938463489,"Blowout Taper, Mid Taper Fade, haircuts for straight hair, Burst Fade, haircuts for fluffy hair, Low Taper, haircuts for curlyhair, fluffy hair, How To Get Fluffy Hair, haircut transformation"
425,7350264322997636382,"cable kickbacks glute, kickbacks for glute, cable kickbacks, round glutes workout, cable kickback at home, glutes workout, Glute Exercises, round glute exercises, Glutes Gym Exercises, Glutes Gym Workouts"
426,7344935382833843498,"sticky hands game, sticky hands, sticky hands toy, sticky hands quarter game, Game People Play, Game Stick, fun games for parties, Games We Play, games idea for party, party games"
429,7340250335828593927,"taeyong, NCT Dream, Jaemin, nct wish, Taeyong Lee, NCT 127, Taeyong Songs, NCT Members, Jaemin Edits, Taeyong NCT Baggy Jeans"
432,7344363505820126472,"Taeyong, NCT 127, jaehyun winter, tap challenge, taeyong lee, newmusic, Taeyong Songs, Jaehyun Funny Moments, Jaehyun Boy Next Door Seven, jaehyun sending a girl away politely"
433,7344734417778183442,"Taeyong, doyoung taeyong, NCT 127, Lee TaeYong, Doyoung - NCT, tap tap, Taeyong Songs, Doyoung Edits, Doyoung Face Expression, doyoung looking at fan"
438,7330048340215860523,"fortnite, peter copter fortnite, sunny steps fortnite, fortnite edit, Fortnite Clips, peter copter, fortnitememes, Fortnite Helicopter, Fortnite Montages, Fortnite Edits Montage"
440,7349959016929447210,"tyler the creator, how u gonna feel the pain in your leg, Byu Student Interview, how you gonna feel the pain in your leg original, Dinner Ideas, christian quiz, jesus christ is lord, people telling their jesus stories, jesus saving people, christian motivation"
446,7333425779935595819,"tabi shoes, Toe Socks, nike air rift, tabi, japanese tabi socks, nike tabi shoes, Tabi Boots Outfit, ootd fashion, fashion, #fashiontiktok"
450,7354363970091797761,"yushi birthday, nct wish, NCT Dream, birthday, nct wish member, sakuya nct wish, NCT 127"
455,7354820913327623466,"using the sink after my mom, kitchen sink, Boiling Water, water, Sink Cleaning, sink plunger, watertap sink, red sink, mom walking in, swirly sink"
456,7347185580540775681,"taeyong, tap taeyong, Taeyong NCT Baggy Jeans, Korean Shoe Trend, Taeten NCT, taeyong shrek, bow bow bow taeyong, yuta nct, NCT 127"
464,7350532625641032968,"nct wish, younghoon, q the boyz, nectar the boyz, Yuichiro Hyakuya, Takuya Kimura, Young Hoon Edits, changmin the boyz, NCT Members, The Boyz Edit"
465,7356850977019858177,"Taeyong, nct dream, nct wish, NCT Taeyong, bow bow bow taeyong, taeyong shrek, Taeyong NCT Baggy Jeans, NCT Members, made in abyss taeyong, Taeyong Songs"
471,7331901117523168543,"Honey Blonde Hair, dark honey blonde hair, Honey Blonde Balayage, Honey Blonde, Balayage, Blonde Balayage, Balayage Caramelo, blonde hair, bronde, dark honey hair"
475,7351624838433328426,"reapply sunscreen over makeup, Sunscreen, Spf Sunscreen, Wear Sunscreen, sunscreen for face, Reapply Sunscreen, Sunscreen Skincare, Sunscreen Protector, Sunblock For Face, Spf Guide: Apply Sunscreen Right"
487,7333541066609626410,"african lie detector, History Time, lie detector, Lie Detector Test, Lie Detector Guy, African Goose, Africa, the human lie detector, African Honey Bees, african net sponges"
490,7352457245298314513,"BoyNextDoor, Smoothie Bowl, boynextdoor nct, Fruit Smoothie, Baby Han Jisung, Jisung Funny Moments, han jisung quokka, Let's Make A Smoothie, Jisung Edit, The Boy Next Door"
494,7336241689461411115,"josh allen basketball, Josh Allen, orlando magic, michael scott basketball, nfl playing basketball, nfl players playing basketball, NFL, Josh Allen Edit, i love you josh allen, patrick mahomes basketball"
495,7328122994608377131,"Laneige Lip Mask, i must be dreaming, cotton candy laneige, laneige lip mask cotton candy, mixing laneige lip mask, mixing laneige sleeping mask, lip mask, laneige australia, are you supposed to mix laneige lip mask, sephora"
498,7347642985795931413,"nct wish, sakuya nct wish, sion, NCT Dream, sakuya voice, sion and sakuya, sion nct wish, sion and jaehyun, nct wish member, NCT 127"
518,7353352636806090026,"Subway, subway sandwich, Gucci, gucci bags, Gucci Shipping Boxes, subway employee, Gucci Runway, Rich Lifestyle, gucci models, Gucci Camera Bag"
519,7327035486059449630,"coquette, coquette bow trend, gym, gym workout, slamming weights at the gym, Gym Training, coquette aesthetic"
536,7344363193680022791,"yuta nct, Taeyong, Yuta, yuta challenge tiktok, nct wish, yuta challenge, Yuta Nakamoto, NCT 127, ยูตะ, 이태용"
537,7340603276280270088,"nct wish, nct dream, sion, sakuya nct wish, sakuya voice, nct wish wish, ryo and sakuya, ryo nct wish, nct wish member, Make A Wish Song By NCT"
548,7341239036482194734,"that's not my neighbour, that's not my neighbour bad ending, that's not my neighbour real form, how to download that's not my neighbor, thatsnotmyneighbor, that's not my neighbour android, that's not my neighbour ending, that's not my neighbour game where to download, thats not my neighbor download, thats not my neighbor mobile"
549,7338782311997066538,"the king crash, just daytona roblox, just daytona, roblox nascar, the crash lightning mcqueen, daytona roblox, king crash, king dinoco crash roblox, dinoco, Daytona"
551,7352713457587834154,"brightening serum, brightening eye cream, eye cream, Dark Eye Circles, dark circles under eyes, Under Eye Bags, Dark Circles, Under Eye Skincare, serums, under eye cream"
556,7332721430448082178,"Yangyang WayV, wayv official, WayV band, YangYang Edits, Yangyang Wayv Kcon, Yangyang And Bahiyyih, Yangyang And Lisa, poppin love wayv"
565,7344394937028365611,"other pov keychain airtag, peter griffin airtag, other pov peter griffin airtag, the other pov peter griffin, other pov key change peter griffin, other pov key change, Airtag, other pov medallion airtag, other pov airtag, keychain for your girlfriend other pov"
567,7327927137598459182,"wall supported rdl, rdl for glute, wall rdl for glutes, Rdls, Glute Exercises, Glute workout, wall rdl, Rdl Exercise, rdl workout, rdls glute workout"
568,7357320027046956295,"heeseung, giselle aespa, aespa_official, Aespa, giselle and heeseung, karina aespa, ningning aespa, giselle from girl group aespa, giselle knowles, giselle tinitigan ko"
569,7348892889230920990,"douyin makeup, Douyin, Douyin Makeup Look, Chinese Makeup, People Doing Makeup, Maquillaje Douyin, Douyin Makeup In Real Life, ancient chinese makeup, Black Hair, chinese makeup ears"
571,7347438946672020779,"saffron stain, turmeric stain, Saffron, tesla seat stain test, saffron stain on tesla, Tesla, Tesla Car, turmeric, Car Cleaning Products, Cleaning Cars"
572,7340398500439428395,"tesla, Tesla Car, Starbuck, McDonald's, Rich, starbucks drink, Tesla Supercharger, Coffee Starbucks Drink, rich lifestyle, Buying A Tesla"
582,7333670598788353310,"babies fake crying, baby side eye, Bombastic Side Eye, Baby Face, Baby Show, Side Eye, baby quails, baby cry impression, fake baby train prank, baby meets mom"
586,7334742347986619691,"crazy eyes, first date, dates, stitch, Going On A Date, sprinkle sprinkle first date, we're on a first date, At Home Date Ideas, first date outfits, first date ideas"
587,7330757041616637214,"Sleeper Build, ashlynsmith.fit, how to get a sleeper build, sleeper build workout, arm workout, workouts, Exercises Workout, Body Building, Fitness Workout, Bodybuilding Workout"
588,7357173825718504720,handball saves rule
592,7354905718597930286,"Spin Me Round, Bloopers, spinning, dancing on my own, hearts2miraaa, Glow Up Trend"
608,7329154468954590510,"Single Leg Rdl, goblet squats, heels elevated squats, squats workout, Rdl, Squats, RDL Workout, RDL Tips, Squat Exercise, Rdl Exercise"
613,7352264336586427678,"edwardzo, buzz cut, Buzz Haircut, hair cut, Buzz Cut Haircut, Buzz Cut Hairstyle, Haircut Haircut, Getting My Hair Cut, hair transformation, haircut styles"
614,7337718747479706885,"go to bed game, go to bed game good ending, did you hide the knives, kubz scouts did you hide the knives, lock your doors game, Games On TikTok, lock your doors game hide the knives, tiktok gaming, Door Lock, Funny Games"
618,7327030008239672618,"sneaker room, Jordan 5, sneaker room setup, sneaker collection, House Transformation, Sneaker Organization, sneaker wall, sneaker, Shoe Wall, Sneakers Closet"
622,7350363802820480298,"suckup gameplay, convincing ai to let me in, convincing ai to let me in their house, convince ai games, video games, fun games, ai game filter, ai robots chargers game, Games We Play, gaming gameplay"
624,7341695745365445890,"taeyong, lee jung boyfriend, taeyong lee, tik_tyong, lee jung boyfriend taeyong, Lee Jung Edits"
626,7346514714228198699,"Cakes, Rich, Tesla Car, Money Cakes, rich lifestyle, Tesla Models, tesla plaid, Tesla Roadster, Rich Life, Rich Black Guy"
629,7354585387022470408,"RIIZE, mrs. green apple, ミセス ダンス, 119 love riize"
630,7328527451968195883,"american polys, american polys vs nz poly, american polynesian, poly tiktok, nz poly, Polynesian, poly chicks, polynesian boys, poly boys, polynesian flag"
631,7331776613459217707,"just ate half my food, just ate half, just ate half my sandwich, just ate half my food original, ate half, save the other half for later, ate half the sandwich, gonna save the other half for later, dr pepper, just eat"
633,7336436695115533610,"don pollo slick back, slickback, slick back tutorial, don pollo cart walk, don pollo shopping cart, Donpollo2982, king ohio, chicken slickback, slick back in the wind, Swoop Slick Back"
634,7330145035675176238,"gta 5 trolling, deadpool gta 5, trolling gta 5 as superhero, gta 5 trolling as batman, gta 5 trolling as slenderman, batman gta trolling, gta 5 batman, trolling gta 5 as deadpool, Spider-man, Spider-Man Animatronic"
638,7343025660082031918,"that's not my neighbour, how to download that's not my neighbor, that's not my neighbour bad ending, that's not my neighbour android, how to download that's not my neighbor on mobile, that's not my neighbour download android, thats not my neighbor mobile, doppelgangers game, how to play that's not my neighbor, papers please game"
646,7344218856707132677,"basketball, carry basketball, basketball videos, Street Basketball Videos, Basketball TikTok, Basketball People, Basketball Sport, Basketball Walking, Basketball Players, basketball hands"
649,7351228662982675714,"Elena Rybakina, Basketball Players, basketball, basketball edits, Best Volleyball Saves"
660,7353398649449172270,"slick back sound, slick back hairstyle, volleyball hairstyle, Slick Back Hair, Slicked Hairstyles, Game Day Hairstyles, Sports Hairstyles, slickback, Slick Back Hair Down, Hairstyles"
661,7327817156329098538,"mortuary assistant, the mortuary assistant, the mortuary assistant funny moments, mortuary assistant caseoh, funny horror gaming moments, horror gaming videos, markiplier mortuary assistant, video games, Gaming, Funny Game"
674,7346404282045975851,"lil droptop, penny lock door, Penny Shopping, giant door in mountain, penny theory, Penny Cash Out, take it away penny, penny proud, find a penny pick it up, Penny Joke"
680,7329668454565285151,"open the door, someone playing as lego, i am the one who knocks"
693,7342580791286697249,"runaway aurora, Runaway, And I Was Running Far Away, Wildlife, Wildlife Photography, Photography, Nature Views, Nature In TikTok, Nature Landscapes, Beautiful Nature"
695,7335986924752096514,"height booster in shoes, height boosters, height booster in shoes caught, Nike Shoes, Sneakers Shoes, Sneakers, Nike Sneakers, Sneaker TikTok, adidas, Adidas Sneakers"
696,7332812832746016002,"sato and ten, 里ちゃん 韓国, sato japanese model, wayv official, lie with you ten, nct dream, lie with you, sato and ten nct, nct_ten_ten, Ten"
699,7356292061085060395,"navy vs marine, space force, Navy Blue, us navy picture, dunk low navy, marine corps ball, Soldier Field, submarine military footage, navy seabees, difference between navy and marines"
706,7341377602910735618,"Taeyong, nct wish, taeyong lee, kpop idols doing filipino trends, Make A Wish Song by NCT, Taeyong NCT Baggy Jeans, Taeyong Songs, Jaehyun Funny Moments, bow bow bow taeyong, Make A Wish - NCT"
709,7346391707560332587,"newborn photoshoots, newborn photoshoot pup, newborn photoshoot meme, newborn photoshoots mis pastelitos, baby photoshoot, photo shoot, Photography, Photo, Photography Camera, newborn parents"
715,7348978532493659434,"apollyon minecraft mod, apollyon minecraft, minecraft horror mods, minecraft horror, night prowler minecraft, apollyon horror mod minecraft, cave dweller minecraft, Minecraft, the entity minecraft, minecraft game"
719,7351321364571245831,"nct wish, jaehee, nct wish member, 20 min dance, jaehee nct wish, sion nct wish, riku and yushi, 20 Min - Lil Uzi Vert, riku sion, Make A Wish Song by NCT"
720,7342173321024245022,"brown sugar brunette, brown sugar brunette hair, balayage, Balayage Caramelo, Brunette Hair, Caramel Highlights, light brown hair, chocolate brown hair, Honey Brown Hair, Brown Hair"
725,7347572340995165483,"minecraft, minecraft game, Minecraft Video Game, jumpscares tiktok, Minecraft In Minecraft, jump scares for you, you're playing minecraft in a cave, creepy minecraft, jumpscares to scare you, jump scare i oop"
729,7327298215479364906,"pole splits meaning, imma do a wrap around, why can't you splits the pole, wrap around, splitting pole meaning, dont splits the pole friends, splitting pole, that one friend who splits the pole, don't splits the pole that one person, pole vaulting"
730,7330362582622031150,"Jaden Williams, jaden williams driving, funny clips, Beamng Drive, caseoh in cars, BeamNG, Funny Fails Video, caseoh games funny moments, Caseoh Funny, jaden williams beamng"
738,7340010871835479339,"border patrol, people crossing border, guy helping people cross border, people crossing border caught, Crossing Over, Border Security Soup Cans, helping people, crossing guard, canada border crossing, border patrol catching people"
745,7332552233638202656,"salt transition, breaking bad transition, the salt transition, Let Him Cook Original Video, the salt transition breaking bad, let him cook, transitions, Breaking Bad Ketchup Transition, salt transition breaking bad, ketchup transition"
747,7340204408275291394,"Haikyuu, volleyball, Minus Tempo In Real Life, minus tempo haikyuu, nishida volleyball, volleyball tiktok, Volleyball Clips, Volleyball Japan Team, Hardest Spikes In Volleyball, volleyball championship"
749,7334033974387379458,"exit 8, exit 8 roblox, the exit 8 game roblox, how to play exit 8, the exit 8, exit 8 game roblox, exit 8 all deaths, how to download exit 8, the exit 8 game, scary roblox games"
750,7352024463191412011,"mcdonalds boba, boba, boba from mcdonald, macdonald's, Rich, popping boba, rich lifestyle, Mcdonalds Worker, Mcdonalds Fries, Mcdonald Cashier Girl"
753,7343358282028961066,"oboe, Viola, Violin Music, Viola Instrument, Musical Instrument, i'm a violinist of course, Classical Violin Music, Violin TikTok, Classical Music, Musicians Of TikTok"
757,7337101422133005610,"Kawhi Leonard, kawhi leonard laugh, Kawhi Leonard Funny Moments, Nelson Funny Moments, nelson interviewing nba, kawhi laugh, kawhi leonard interview, nelson interviews, Kawhi Leonard Edit, how old is nelson neumann"
758,7349384032137809194,"wait you're not a swiftie, wait you're not a taylor swift fan coffee girl in car, heckis_96, wait you're not taylor swift, heckis96_isback, Taylor Swift, people making coffee, taylor swift song, Swiftie, Taylor Swift TikTok Cover"
762,7331875272356154666,"Aztec Whistle, aztec death whistle, aztec scream whistle, Aztec Scream Whistle In Public, aztec whistle prank, scaring people with aztec whistle, aztec whistle explained, keeping rent low, multiple aztec scream whistle"
763,7360211842804796689,"Riize, riize impossible, wonbin, impossible dance, seunghan riize, Sungchan, impossible, Sohee, sohee riize, riize impossible dance"
777,7346404282045975851,"lil droptop, penny lock door, Penny Shopping, giant door in mountain, penny theory, Penny Cash Out, take it away penny, penny proud, find a penny pick it up, Penny Joke"
781,7342144141322718510,"canes, raising canes, couple videos, couple, couples tiktok videos, Couple TikTok, Couples Of TikTok, Couples Comedy Videos, canes sauce, canes with pen"
783,7343762666734767402,"c u next tuesday meaning, c u next tuesday meme, see you next tuesday, serving cnt explanation, serving cnt meaning, c u next tuesday gen z, c u next tuesday compliment, not even emily, serving cvnty"
792,7339168547395882247,"nct wish, aespa_official, Aespa, winter aespa, winter, wish nct wish, nct wish member, Riku Kingdom Hearts Intro, Aespa Winter Face, Winter Aespa No Expression"
794,7339891232908250376,"riize, Shotaro, Taeyong, nct official, nct wish, nct, taeyong lee, shotaro dance, 태용 tap, Taeyong Songs"
798,7339952957909208326,"center for popeyes, Car Seat, Car Seat Covers, south africa, back seat of my ride, Backseat Freestyle, Popeyes Ride, africa, popeyes, play center for popeyes"
799,7353751011531574570,"chicken sandwich mukbang, Chicken Sandwiches, sandwich, food tok, crispy chicken, Yummy Foods, Grilled Chicken Sandwich, fried chicken, Wingstop Chicken Sandwich, Crispy fried chicken"
803,7350194853399022853,"blue lee, Dodge"
804,7352790674686676241,"lucas, NCT Dream, mark lee, lucas renegade, wake up its first of the month, it's the first of the month, mark buzz cut, smoothie nct dream, Markhyuck, nct wish"
806,7327105476699671851,"mexico and usa border, mexican border, jacumba border, us mexico border, Borders Of Countries, canada usa border, north of the border, canada border crossing, Canada Border"
817,7331399511056862510,"trolling in gta 5, deadpool gta 5, trolling gta 5 as batman, trolling gta 5 as superhero, edward cullen batman, gta trolling, batman, trolling people in gta batman, trolling people in gta, batman gta 5"
819,7346400134684560683,"driving simulator funny, drivers test game funny, car driving simulator, driving games with wheel, drivers test game, Driving Game, road test game, city car drive game, steering wheel gaming, city car driving simulator"
823,7338226511259962655,"minecraft ultra realistic, minecraft, we come too far, realistic minecraft, we come too far to give up who we are, minecraft ultra realistic download, minecraft realistic physics, minecraft game, Minecraft In Minecraft, Minecraft If It Was In Real Life"
828,7327240461905612038,"Hip Pads, Hip Dip Pad, hip pads african dress, Dress Hip Dip Pads, hip enhancing shapewear"
829,7335023126616476930,"RIIZE, anton edit, talk saxe rize, my name is anton, siren by riize, anton voice Riize, Siren Song By Riize, riize nic kaufmann, seunghan riize, riize showering"
831,7357269660569505032,"nct wish, NCT Dream, sakuya nct wish, nct wish member, sion nct wish, suara sakuya, ryo and sakuya, Ji Sung NCT, Sungchan NCT, NCT Taeyong"
833,7349558526051683602,"Intak, Soul P1harmony, p1harmony, soul, keeho and intak, keeho p1harmony, soul and keeho, p1harmony members, Intak Edits, Jongseob And Soul"
836,7336139737033362709,"paint, Paintings, ceiling, My Neighbors Painted My House, House Painting, drop ceiling, Bedroom Paint, Art Painting, Drop Ceiling Makeover, Painting On My Wall"
837,7349319459745664298,"miss me with that bs lyrics, miss me with that bs, how to make slime no activator, slime scoops, Crunchy Slime, Pass The Slime, How To Make Slimes, slime tutorials, slime recipes, gio making slime"
841,7350862394165431598,"freezer job, working in a freezer, guess whose outfit is whos, chick fil α, guess who works, freezer job nerve damage, Outfit, Freezer, Walmart Fits, Walmart Employee Outfit"
843,7354687383457058064,"Tomorrow X Together, NCT Dream, hueningkai, Renjun, renjun huening kai, smoothie nct dream, yeonjun mark, txt nct dream, Renjun - NCT, Smoothie"
844,7354777530223594753,"tennis, Tennis Game, Wii Sports, Wii Games, Tennis Balls, Tennis Sport, Tennis Training, Nintendo Wii Console, tennis glitch, Tennis Jump Serve"
849,7332089352178191621,"vfx, editing, ceo masterpiece, editing videos, Video Editor, Editing Apps, Ghost Rider Edit, artist, How To Edit, Edit Tutorial"
860,7339059556951149825,"Riize, nct wish, sohee riize, wayv official, ten sohee, Ten, Sohee, ten nightwalker, NCT - Ten, ten out of ten laughing"
861,7360197525439106309,"After Effects Edit, 4k Quality Edits, Ae Editor, High Quality Edits, free edit 4k quality, AE Quality On CapCut, How To Make Edits High Quality, How To Make Your Edits High Quality"
866,7350452916647497003,"random items minecraft, Minecraft, cheappickle, pickle, Minecraft Memes, Minecraft Video Game, Cheap Pickle Memes, Minecraft In Minecraft, cheap pickles kit, random items minecraft mod"
869,7344058831028194602,"Compton California, California, Inglewood California, Anaheim California, Danville California, Temecula California, spring valley california, Catalina Island California, Malibu California, Pasadena California"
875,7335288654199344415,"human golf ball, carya golf club, golf person inside of a big rubber ball, human golf, Golf, golf video, Golf TikTok, Golf Club, shocked golf ball, exploding golf balls"
876,7342085704064781598,"Lofoten Norway, norway, Lofoten Islands, lofoten islands in norway, lofoten, norway travel, Norway Travel Video, norway at night, Islands To Travel To, mega american duet"
881,7336415365360028930,"RIIZE, talk saxe rize, sungchan, seunghan rize, Sungchan NCT, riize seunghan return, sohee riize, Siren Song By Riize, riize showering, anton voice Riize"
886,7338805475405794567,"Keeho, P1Harmony, Keeho P1Harmony, Keeho Edit, killin' it p1harmony, keeho tiktok, keeho brother, killin it dance tutorial, Soul P1harmony, keeho and soul"
887,7333650660157672709,"leg day warmup, leg day warm up women, Hip Mobility Exercise, warm up exercise, mobility exercises, Hip Exercises, leg, Mobility Workout, Hip Mobility Stretches, Leg Mobility Warm Up"
891,7331790973221080338,"sion, nct wish member, like i do nct, ryo and sakuya, nct wish sakuya, Make A Wish Song By NCT, Nct New Team, like i do dance tutor"
904,7345640982626471174,"Gym Crush, gymtok, gym tiktok, Gym Videos, meme, Gym Fitness, Funny Gym Moments, Gym Workout, funny meme, Gym Life"
906,7327101784609049862,"sadie mckenna, sadie mckenna boyfriend, sam and sadie, Sadie And Sydney, mom sadie mckenna, capcut sadie mckenna, Sadie Adam Sandler, makena patterson riggins, Sticking Out Your Tongue For Picture Sadie Mckenna, clix and sadie mckenna"
909,7326277550001491206,"Bulgarian Splitsquats, Hip Thrust, bulgarian squats, goblet squats, Rdl Form For Glute, sumo squats, sumo squats women, sumo squats for glutes, rdl for glute, squats for glutes"
914,7334403085609012523,"lunar party fortnite, fortnite, lunar party emote, fortnite beat do koto nai, banana fortnite dance, fortnite emote, fortnite clip, dancing domino fortnite, disney fortnite, lunar party emote fortnite"
922,7338742647365946642,"nct wish, nct official, wayv official, nct, sion nct wish, NCT - Ten, nct wish member, lagu wish nct wish, wayv, Make A Wish Song by NCT"
926,7344363916526439687,"Mark Lee, Taeyong, NCT Dream, Markhyuck, NCT 127, mark lee edits, Lee TaeYong, Taeyong Songs, tap tap, Taeyong NCT Baggy Jeans"
927,7333326230013349125,"apple vision pro, vision pro, cyber truck, Truck, Truck Videos, Truck Driving, inside cybertruck, Big Truck, tesla truck cyber, cybertruck interior"
930,7353732616631225642,"Haikyuu, haikyuu commercial break, nishinoya, haikyuu nishinoya asahi intro, haikyuu water bottle, nishinoya and asahi water bottle, asahi haikyuu, haikyuu commercial break nishinoya, How To Serve Volleyball, haikyuu edit"
931,7335218299116178734,"eli ellis, back it up dump it, kayden, Back It Up And Dump It - Cali Swag District, Central Cee Christian, back it up and dump cheer tutorial, back it up, eli ellis zesty dance, Fein Travis Scott, Travis Scott"
939,7336330152982498566,"toni rose, Claw Clip, Hair Claw Clips, Claw Clip Hairstyles, Clip Hairstyles, clips for hair, hair clips, Hair Clip Hairstyle, Claw Clip On Thin Hair, Fake Hair Claw Clip"
941,7348637666889485610,"cyborg scream, Escape The Ayuwoki, games that can hear your mic, the game hears every sound you make, horror gaming videos, horror game, Gaming, gaming on tiktok, video games, TikTok games"
945,7329281372613397791,"i wanna rock with u, rock with you dance, Dmv Tiktok, Rock With You - Michael Jackson, Rock With You - Ross Lynch, Stomp The Yard Dance Scene, luhhmatt_, i wanna rock with u tut, i wanna rock with u tutorial, DMV Meaning"
946,7357660615609044241,"RIIZE, super junior, seunghan riize, riseandrealize, Yesung Edits, Super Junior (Boy band), riize wonbin, riize seunghan to take indefinite hiatus, Siren Song By Riize, Sohee RIIZE"
947,7359423293604039944,"BoyNextDoor, taesan boy next door, boynextdoor earth wind and fire, boynextdoor_official, The Boy Next Door, earth wind fire, boynextdoor members"
953,7339274566805605678,"misty and carrington, carrington girlfriend, all i wanted was you, chloe bleu and carrington, carringtonxx, chloe bleu carrington, carrington illuminati, carrington and misty no longer friends, carrington mitsy, mitsy xp"
957,7350765304101735682,"Tanghulu, microwave tanghulu, How To Make Tanghulu, Tanghulu Fruit, how to make tanghulu in microwave, how to clean tanghulu pan, Tanghulu Recipe, Mango Tanghulu, tanghulu recipe microwave, Microwave Recipes"
972,7329704169743469867,"parents going through phone and kid gets caught, trying to show something to my mom, pmdamiann, parents going through phone, trying to show my mom a video, unhand my mobile device women, roblox animations, Animations, unhand me, Animation Movie"
973,7350306687552621842,"we can be friends lyrics, monakoaa, lirik we can't be friends, lyrics for songs, we can't be friends ariana grande, ariana we can't be friends, make up, we can't be friends cover, Make Up Glam, Contour Make Up"
974,7337843205934779690,"Tesla, Pizza, logo tesla, tesla model x, tesla cybertruck, Cool Party Tricks, Pizza Videos, Harvard Parties, tesla tunnel, Tesla Experience"
978,7328857303015279914,"pineapple on pizza game, pineapple on pizza, pineapple on pizza game good ending, pineapple on pizza game baby, anime scenes, anime, Pineapple, pizza game, anime moments, animehood"
988,7353916966643600686,"blue monday, Siblings, older brother and younger sister, punching dance trend, dancingduo, siblings trend, let's play a little game, lets play a lil game, TikTok game, having siblings be like"
993,7332664030584261934,"timmy2cans, cod warzone, mobile game, cod warzone funny moments, games for mobile, Blue Ling COD, Funny Gaming Moments, Warzone 1 Shutdown Screen, warzone december 6, timmy2cans atv"
996,7350167932883701010,"make up, Make Up Videos, Make Up Tiktok, Make Up Transitions, Make Up Transformation, Make Up No Makeup, Makeup Trend, Make Up Glam, Makeup Look, Recommended Makeup"
1004,7346344561310043434,"heavy cup prank, heavy cup, eleiko 20lb mug, eleiko mug, Harmless Pranks, heavy cup of water, prank, Prank Videos, the heavy cup, Funny Prank Videos"
1008,7329985995384868139,"Mental Health Awareness, Crazy, Hair TikTok, Mental Health Matters, Happy Hair, Hair Curls, bald people doing their hair, mental health calendar, Mental Health Resources, Red Hair"
1013,7332698949259758879,"california tornado 2024, California, a tornado flew around, california cold 2024, california cold, Water California, Southern California, oakland california, united states of america, Sacramento California"
1022,7336793033465171231,"dunk contest 2024, mac mcclung dunk contest, jaylen brown dunk contest, jacob toppin, kai cenat dunk contest, jaylen brown dunk, jacob toppin dunk, mac mcclung dunk, who won dunk contest 2024, dunk contest 2024 winner"
1023,7339031240638467359,"pov school fights be like, relateable videos, School Fight Animation, Stand And Deliver Fighting Scene At School, Tory And Samantha Fight School, scarface fight, Run Hide Fight, Hawk Fight Scene At School, best fights scene  school film, Rickenberger School Fight Scenes"
1024,7350734779920223518,"blue hair color ideas, red velvet balayage, red velvet hair color, red hair, Hair Colors, Red Velvet Hair, Red Hair Color, Red Hair Inspo, Hair Color Inspo, red hair dye"
1030,7327751079372901663,"ophthalmic test, Lazy Eye, Eye Test, ophthalmic technician, air puffed into eye, eye air pressure test, eye test eye exam, what eye doctors see, Air Balloon Eye Test, Vision Test"
1035,7351753477753720080,"NCT Dream, Renjun, nct official, nct, smoothie nct dream, renjun smoothie, Renjun - NCT, Smoothie, NCT Members, Renjun Singer"
1037,7341486947463875883,"levitating plant pot, levitating plant, floating plant pot, floating plant, Plant, Gift Idea, gift, Plants Home Decorations, Plants Decor Ideas, Home Decor Gift Ideas"
1045,7329983483638598913,"the exit 8, exit 8, seok crying finding out rosalina is fake, the exit 8 game, the exit 8 roblox, the exit 8 speedrun, wooseok, scary games to play, horror video games based on a true story, Game Recommendation"
1046,7347780313994546474,"ring jedi, Ring, rings jewelry, ring trick, Ring Rolling, Making Rings, acrostic ring, galaxy ring, ring puzzle, cluster rings"
1051,7337931071767514410,"hoofobia game, hoofophobia, oh deer game, Gaming, video games, steam games, games to play, Funny Games, pc games, Games To Get"
1074,7337363945935686918,"Pomeranian Puppy, pint sized pom, Pomeranian, teacup puppy, pint sized pomeranian, teacup dog, teacup pomeranian, Pomerania Cachorro, dogs, Pomeranian Dog"
1075,7353120719603158318,"love never fails bible verse, Bible Verses, love never fails, love never fails so if it fails it was never love, Long Distance Relationship, love never fails bible, love never fails so if it fails in the bible, love never fails so if it fails it wasn't love, hope core, core"
1092,7350760284644052255,"i'm pregnant surprise announcement, pregnant, Pregnant of TikTok, pregnant life, Pregnancy Announcement To Parents, Telling My Husband I’m Pregnant, Pregnancy Announcement Video, Pregnant Trend, Pregnant Sleeping, 34 Weeks Pregnancy"
1093,7332342275151760642,"Leah halton, chocolate strawberries, gabs strawberry and chocolate, chocolate strawberry video, strawberry chocolate 40 million gabs, chocolate strawberry video original, leah halton makeup, inverted, Leah Halton Edits, gabs chocolate strawberry video"
1100,7339542494830529800,"Ten, NCT - Ten, wayv official, challenges on tiktok, Ji Sung NCT, Yangyang WayV, NCT Taeyong, Ten NCT Funny Moments, NCT Members, dxmon controversy"
1120,7349982344050167082,"Podcast, Podcast Clips, Online Podcast, did you hear the news, Podcast Comedy, news under a desk, podcast to listen, What's Wrong With Meta, tiktok guidelines, Meta Rayban"
1134,7329730967982312750,"funny clips, Funny Moments Video, cute videos, funny vídeos, funny meme, lil babys vid, Baby Play Mat, meme, Funny Video To Watch, pretty baby"
1135,7336773228469194026,"Aisha Mian, Identical Twins, miantwins, Aisha And Nate, Twins, azra before and after, mian twins before and now, mian twins surgeries, aisha mian and nate wyatt, mian twins before nose"
1136,7348896873165589806,"when i'm about to fight then i remember, when im about to fight, when i'm about to fight then i remember i got, when i'm about to fight then i remember my best friend, About To Get Into A Fight And They Do This Move, Me About To Fight Someone And Then They Do This, when i'm about to fight then i remember my sister"
1140,7352018678054964522,"Risk of Rain 2, get your hands off my son i thought to myself, pov our son, get your hands off my son, the cheating game, as i said in my head, Heavy Rain Game, huemanity_, risk of rain returns"
1145,7355640470040710446,"submarine military footage, marine corps ball, Different Branches Of Military, Military Press"
1146,7355742433877036304,"nct dream, Jaemin, smoothie nct dream, jaemin smoothie, Smoothie, Smoothie Bowl, Let's Make A Smoothie, NCT - Jaemin And Haechan, Jaemin Edits, Jaemin - NCT Edits"
1150,7339335591424757035,"baby jumper, She Was A Fairy, graco doorway jumper, doorway jumper, baby walker, graco doorway jumper setting up, baby swing, graco doorway jumper install, jumper, Baby Stuff"
1152,7330808034303708447,"visor 4k review, visor 4k, apple vision pro, visor 4k vs vision pro, vision pro, the prototype vs product, Visor Sunglass, prototype, vr, Tech Gadgets"
1153,7345097680303017234,"johnny nct 127, Taeyong, NCT Dream, johnny, taeyong nct, NCT 127, johnny jaehyun, tap tutorial dance, Taeyong Songs, Johnny Suh Funny Moments"
1160,7341795442268835118,"sulfur cleanser, not washing face in the morning, morning skincare routine, should i wash my face in the morning, don't wash face in morning, washing face in morning, Face Wash, cleansing, Face Skincare, Morning Skincare"
1161,7350981779991317761,"NCT Dream, smoothie dance tutorial, nct official, smoothie nct dream, unknown nct dream, nct, Chenle, mark lee, box nct dream, Smoothie"
1163,7338816875956030766,"Zach King, Avatar, zach king behind the scene, Avatar The Last Airbender, avatar last airbender 2024, avatar metro tv, the last airbender, iklan avatar netflix, avatar the last airbender live action, avatar movie"
1168,7336362110412279083,"texas pizza, pizza, Tricks, macdonald's, Party Food, pizza roll, Pizza Party Ideas, Cool Party Tricks, Magic Tricks, Harvard Parties"
1171,7327644443941555502,"Dunk, Basket Ball, Basketball Videos, Basketball Plays, Basketball TikTok, turn up the volume, Indiana Basketball, basketball skills, Best Dunks In Basketball, Basketball Best Moments"
1173,7352525553892723974,"don't take, don't take these beautiful things, capcut, CapCut Edits With Photos, Capcut Edits, capcut tiktok video, CapCut Video Edit, Edit Photos, CapCut Picture Trend, beautiful things benson boone"
1180,7352764243277581575,"더보이즈 리를빗, The Boyz, Juyeon, juyeon the boyz, Kim Sunwoo, younghoon the boyz, The Boys Cast, the boyz little bit, Juyeon Edits, hyunjae juyeon maverick"
1187,7356015606426045738,"chicken happy hour, kelly chicken screaming, funny animals videos, lisa chicken screaming, Animal, Rooster Birds, kelly clarkson, chicken laying egg, Rooster Tail, kellyclarksonshow"
1195,7331938319624064302,"just ate half, just ate half my food, i think this little life, just ate half of banana, just ate half pringles, just ate half pringles original, just ate half a doughnut, i think i like this little life, half a banana, save the other half for later"
1198,7328894809270439214,"Pilates Workout, leg workout women, full body workout, inner thighwork dumbbell, Exercise Workout, Body Workout, Full Body Exercise, workouts, Medicine Ball Workout, Full Body Workout At Home"
1202,7327883060266028334,"sandwich, foodtiktok, midnight snacks, Food Videos, snack, snack video, TikTok Snacks, Midnight Snack Ideas, cooking food, late night snack"
1203,7353398649449172270,"slick back sound, Slick Back Hairstyle, volleyball hairstyle, Slick Back Hair, Slicked Hairstyles, Game Day Hairstyles, sports hairstyles, slick backs, Slick Back Hair Down, Hairstyles"
1204,7357612395344203009,"NCT Dream, Jaemin, nomin moments, nct wish, NCT 127, Smoothie, NCT Members, Making Smoothies, Jeno NCT Funny Moments, NCT Funny Moments"
1207,7354026433301187845,"god is here game, Iron Lung, god is here, god is here game bad ending, Iron Lung Ending, god is coming game, god is here game ending, indie horror video game, Squirrel, TikTok Games"
1210,7350055608772545834,"pregnant tips, Pregnant of TikTok, Tips For Pregnant, 5 Weeks Pregnant, Pregnancy Effects, Pregnant Trend, pregnant essentials"
1213,7332612465211018539,"back it and dump it tutorial, back it up and dump it cheerleader, now back it up and dump it, back it up dump it, Back It Up And Dump It - Cali Swag District, back it up"
1216,7344750487645834497,"NCT Dream, jisung ballet, Jisung, nct wish, nct dream teaser, Han Jisung, NCT Dream Movie, Dream, Smoothie, Jisung Funny Moments"
1218,7355726645480721665,"nct dream, jaemin, nct official, moshi moshi lyrics, nct, NCT 127, nct wish, moshi moshi i love you baby, smoothie nct dream, smoothie"
1226,7349771210743450922,"Hilary Duff Give Us Nothing, minute maids aqua fresca, go girl give us nothing"
1232,7346761022016949546,"katie sigmond, katie sigmond best pics, Golf Shoes, golf ball shoes, golf, Golf TikTok, Golf Slippers, Shoes For Golfing, golf equipment, Golf Swing"
1235,7328400384756583698,"marnie ghibli house, marnie ghibli, marnie house, when marnie was here, Lake Como Italy, lake como, marnie house real life, Ghibli, studio ghibli, Honeymoon"
1238,7342331761860381994,"now whats up danger, throughout heaven and earth, miles morales, nfl combine backflip, Miles Morales Backflip, what's up danger, that's all it is miles a leap of faith, jaylin simpson backflip, ahh flip, jaylin simpson combine"
1241,7330834158496812306,"nomin, aespa_official, nct official, nct dream, nct, aespa, NCT 127, nct wish, nomin moments, nct dream official"
1266,7349943487485218091,"yamaha niken 900 top speed, yamaha niken top speed, yamaha niken 900 sound, motocycle, moto, Motorcycle TikTok, Motorcycle Videos, Yamaha Motorcycles, yamaha, Yamaha Motor"
1273,7339640325251599658,"lucky blue smith, popcorn marshmallows, popcorn rice krispies, nara smith modeling, nara smith runway, vanilla ice cream olive oil, nara smith apple snack, nara smith ice cream, who is lucky blue smith, Late Night Snack"
1277,7335614462960962858,"curls, Leg Extension Machine, Leg Curl Machine, Leg Curls, Arnold Schwarzenegger's Workout, Curls Workout, Leg Extension, Arnold, machine to workout, Workout Exercise"
1281,7334862816878562606,"Kohl Eyeliner, Black Eyeliner Waterline, Eye Liner, Eyeliner In Waterline, Black Pool Liner, Black Waterline Makeup, eyeliner in eye, Eyeliner Makeup Looks, Black Eye Makeup, Colored Eyeliner"
1282,7351313286060674306,"NCT Dream, nct official, Jaemin, nct, smoothie nct dream, jaemin smoothie, Smoothie, NCT Members, Jaemin Edits, Jaemin - NCT Edits"
1298,7333982289686301959,"nct wish, nct, sion nct wish, nct dream, NCT 127, sion and jaehyun, sion yushi, nct wish member, sakuya nct wish, Make A Wish Song by NCT"
1309,7354018199177809194,"jlo, jojo siwa music video, jennifer lopez, delusion of grandeur jlo, jojo siwa podcast, jenny from the block, Jennifer Lopez Clip, podcast, jennifer, jojo singing karma"
1311,7347865342200368426,"apollyon minecraft, apollyon minecraft mod, Minecraft, Minecraft Game, Minecraft In Minecraft, My Scariest Experiences, Scary Mobs Minecraft, you're playing minecraft in a cave, Minecraft Dungeons, creepy minecraft"
1313,7332586913670483243,"lucky blue smith, papaya and cream, pregnancy cravings, nara smith modeling, nara smith runway, lucky blue smith first wife, whipped cream, whipped cream recipe, Pregnant Snack, recipes"
1320,7329688608850447622,"mewing meme, logitech 520g, bye bye mewing, ronaldo mewing, gato mewing, cristiano ronaldo, How To Mewing Correctly, meowing, Mewing Jawline, mewing while talking"
1321,7356748717644369195,"iPhone 15 Pro Max, iPhone unboxing, iphone 15, Coachella Outfits, Phone, Phone Storage, Phone Storage Is Full, My iPhone Storage Is Full, Space On iPhone Storage, icloud storage"
1323,7338765580809309441,"nct wish, wayv official, Ten, lie with you ten, NCT - Ten, lie with you, ten predebut, wayv, Ten NCT Funny Moments, ten out of ten laughing"
1325,7344949513217395975,"chess boxing, that's not my neighbour, how to download that's not my neighbor, psychrolutes marcidus, chester quiz, chester quiz español, that's not my neighbor game, thatsnotmyneighbor, that's not my neighbor quiz, thats not my neighbor video game"
1330,7343709196141006123,"take my strong hand, save the other half for later, save half for later, Upper Body Workouts, workouts, Body Workouts, Upper Body Exercise, Exercise Workout, Working Out Videos, Gym Workout"
1331,7343874132284656938,"zoonomaly ending, zoonomaly gameplay, game zoonomaly, zoonomaly trailer, lights are off, zoonomaly mobile, Space Horror, scary room, You Can Move When The Lights Are Off Scary, zoonomaly speed run"
1335,7343508655620476206,"rainbow comet, the rainbow comet, rainbow comet function, this is how you know i pulled up to the function, meteor hits water, man of steel, this is how you know i arrived at the function, pulled up to the function, man of steel entrance, function"
1339,7339003261019557162,"drama, family, mom chats, This Is My Family, mom walking in, i said i don't think he is good for you"
1344,7343419152096415019,"water, Water Dogs, Water TikTok, water bottles, Water Bottle Collection, Dog Water Bottle"
1345,7328195949317180674,"fortnite, stop putting your gaming setup on your bedroom, Gaming Setup, Fortnite Gaming Setup, fortnite clip, setup, Gaming, Gaming On TikTok, TechTok, Fortnite Video"
1349,7337098695428574507,"deep dish pizza, where's the cheese, Chicago Style Pizza, Chicago Deep Dish Pizza, pizza, Pizza Videos, Making Pizza, deep dish pizza at home, Pizza Making Videos, Pizza At Home"
1351,7332704615151996161,"Riize, wonbin, eunseok, wonbin edit, wonbin and anton, wonbin and eunseok, riize seunghan, ウォンビンウンソク, wonbin and seunghan, Siren Song By Riize"
1355,7356584966899256619,"who driving this bus, beam ng drive, BeamNG, Gaming On Tiktok, Truck, video games, Car Game, truck simulator, driving game with wheel, bus driving simulator"
1363,7328578528557944107,"south park, South Park Audios, south park makeup, south park jersey, south park edit, south park funny moments, south park makeup girl, kyle hair edit, south park cosplay, jersey"
1371,7341059504819195142,"dance se souber, dc, Mulheres Dançando, Tutorial Music"
1380,7355640991283498283,"Leah halton, its too much its too much girl, its too much its too much girl song, all of the girls"
1389,7351675997047049473,"nct dream, smoothie nct dream, mark lee, Markhyuck, nct wish, smoothie dance tutorial, mark lee smoothie, smoothie nct dream tutorial, smoothie, Chenle"
1396,7343889320505330952,"nct wish, sakuya voice, nct dream, nct, sakuya nct wish, NCT 127, ryo nct wish, wish, ryo and sakuya, Make A Wish Song by NCT"
1400,7341532406932983083,"Football Videos, Futebol, Soccer Sport, football games, football athletes, Football tiktok, Football Moments, Football Player, Football Skills, Football Entrances"
1402,7338520378311970090,"minecraft funny moments, Minecraft, funniest minecraft, funniest minecraft moments, warden minecraft, funny minecraft, funny minecraft clips, funniest minecraft videos, Minecraft Memes, Minecraft Video Game"
1408,7352758980516597034,"Prop Hunt, cod prop hunt, call of duty prop hunt, gaming on tiktok, Gaming, call of duty cold war, cod cold war, prop hunt call of duty mobile, Hunting Games, cod hide and seek"
1415,7349674589347187974,"Subnautica, plague leviathan, Subnautica Game, Leviathan Subnautica, Subnautica: Gargantuan Leviathan, subnautica plague heart, Subnautica Ship, The Gargantuan Leviathan - Subnautica, the leviathan, Ghost Leviathan Subnautica"
1421,7326644161581567263,"the coleman family, sailorkinsley mom, the labrant family, the cordle family prank, The Braxton Family On Family Feud, Meet The Family, The Atkinson Family, The Williams Family"
1422,7330722372464561413,"fortnite, fortnite edit, just go, go just go go, just go fortnite emote, that one fortnite edit, go just go fortnite, evil plan emote fortnite, popular vibe fortnite, just go just go edit"
1427,7340604885966081287,"nct wish, nct, wish nct wish, nct wish member, NCT Doyoung, Ji Sung NCT, Taeten NCT, NCT Haechan, yuta nct, Make A Wish Song By NCT"
1442,7340917054511320363,"that's not my neighbour, thatsnotmyneighbor, that's not my neighbour bad ending, doppelganger game, how to download that's not my neighbor, find the doppelganger, not my neighbor, thats not my neighbor español, thats not my neighbor iphone, straight to jail game"
1453,7351116419435646213,"uncle aaron filter, Face Effects Filter, older filter effect, habibi come to dubai, Striking Face Filter, film filter effect, Aaron, filter mewing, habibi slowed"
1456,7341742457370971410,"sohee riize, Riize, Sohee, Taeyong, Taeyong Lee, 태용 tap, Taeyong Songs, NCT 127, nct, Taeyong NCT Baggy Jeans"
1458,7333506510800096530,"oompa loompa, Taeyong, aespa official, taeyong oompa, Aespa, oompa loompa taeyong, winter oompa loompa, Taeyong Lee, tik_tyong, oompa loompa kpop"
1460,7330708164955884808,"noah schnapp, noah schnapp apology breathing meme crop, noah schnapp apology meme, breathing meme, noah schnapp apology breathing, noah schnapp apology meme breathing, noah schnapp breathing, noah schnapp breathing meme crop, Bulk Breathing, Noah Schnapp Funny Moments"
1465,7344291591961677102,"goatman minecraft, the goatman minecraft, cave dweller minecraft, minecraft horror mods, the other pov goatman mod, goatman mod, Minecraft, minecraft horror, the goatman mod minecraft, how to download goatman mod"
1466,7336663630630440235,"i wanna test the game roblox, how to pass first stage of i wanna test the game, how to pass stage 2 i wanna test this game, roblox you never see it coming stage 2, how to do level 1 i wanna test the game, you'll never see it coming roblox, i wanna test the game level 1, you'll never see it coming song, scary roblox games, the game"
1471,7326290660938566955,"lucky blue smith, nara smith runway, nara smith modeling, nara smith hair, who is lucky blue smith, Hair And Makeup, makeup, lucky blue, makeup looks, Make Up Videos"
1472,7343359227840367918,"jeans, g rise, low waisted jeans, low rise jeans, Low Rise Jeans With G, low waist pants, Low Rise Outfit, Jeans Outfits, Low Rise Jeans Outfits Y2K, G String Low Rise Pants"
1473,7356566686704651563,"total eclipse of the heart, solar eclipse meme, actual footage of a solar eclipse, funny cats, cat videos, crochet, in case you missed the solar eclipse, Crochet Cat Hat, CAtTok, Cat Crochet"
1477,7356246232664198443,"What's Up Brother, sketch, sketch what's up brother, football kid meme, wassup brother, chuck tuesday, tuesday tuesday, what's up brothers special team, Whats Up Brother It's Tuesday, what's up brother explained"
1485,7332131589054369029,"Mobility Exercises, Mobility Workout, mobility training, Hip Mobility Exercise, Monday Mood, beautiful things benson boone, Shoulder Mobility Exercises, ankle mobility exercise, beautiful thing benson, beautiful thing"
1491,7345413801224768773,"supermarket simulator, how to download supermarket simulator android, supermarket simulator download on mobile, supermarket simulator how to download, supermarket simulator android, how to download supermarket simulator android apk, supermarket simulator mobile, supermarket simulator download tutorial, how to download supermarket simulator on mobile, supermarket simulator filipino"
1492,7359176439834414354,"nct dream, BoyNextDoor, nct, earth wind fire, jisung shy, jisung, earth wind and fire boynextdoor lyrics, nct dream boynextdoor, boynextdoor earth wind and fire, nct wish"
1495,7342820642573651218,"golden wind, kalimba, golden wind theme, golden wind song, attention passengers 65 degrees in ahhhh, attention passengers, frosty the snowman, kalimba minecraft, avatar's love, attention passengers sound"
1496,7354769289670429995,"ryan garcia, francis ngannou, ryan garcia body challenge, ngannou, ngannou knockout, Francis Ngannou Ryan Garcia, ryan garcia ngannou, ngannou vs joshua, Francis Ngannou Knockout, anthony joshua vs ngannou"
1497,7339683693914492203,"home alone roblox, secret pizza roblox, home alone game roblox, secret pizza roblox horror, secret pizza, home alone, roblox horror funny moments, roblox horror, scary roblox games, horror roblox games"
1498,7331086693753163051,"macbook, samsung laptop, samsung, apple, android, Samsung Android, Apple MacBook, Samsung Mobile Phones, Samsung Galaxy, Apple Mac"
1506,7357057265968418091,"poetry, reagan poetry, love poetry, Poetry TikTok, Poetry About Love, Poetry Writing, Pottery Videos, Spoken Poetry About Love, Spoken Poetry, love"
1510,7358727157411089680,"riize, Sungchan, seunghan riize, riize impossible, sungchan rover, rover kai, riize members, impossible, Siren Song By Riize, siren by riize"
1511,7334458416041151786,"Holy What A Beak, ayo nose check, ayo nose check girl, holy what a beak original, big nose, minecraft villager, tyrecordslol, ayo nose check original, biggest nose, Minecraft"
1517,7340992419724397831,"nct wish, riku, ryo nct wish, wish nct wish, nct, ryo and sakuya, Make A Wish Song By NCT, NCT 127, nct dream"
1523,7337441708646403371,"mario getting jumped minecraft video, scariest alpha minecraft footage, alpha minecraft, scariest minecraft alpha, Minecraft, scary minecraft footage, scary minecraft alpha footage, scary minecraft, scary alpha minecraft, minecraft alpha footage"
1527,7347002668654595374,"naruto gold bank note, naruto gold bank note price, naruto bank note, mother melt child secret naruto banknote, naruto themed gold bank note melted, golden naruto card price, gold banknote, Gold, naruto themed gold bank note, naruto themed bank note"
1528,7328878750915988778,"lucky blue smith, icing sugar, nara smith runway, nara smith late night snack, nara smith modeling, icing sugar strawberry, nara smith annoying, Chocolate Covered Strawberries, nara smith ice cream, Late Night Snack"
1531,7340890464427543826,"cute cats, Cute Cat Videos, Cute Kitten Videos, Cute Kittens, Cat Videos, Kitten Videos, kittens, Kucing Lucu, Cute Cat Clips, kitty cats of tiktok"
1532,7334125222024514858,"exit 8, exit 8 world record, exit 8 all deaths, caseoh 8 seconds on exit 8, exit 8 speedrun, exit 8 all anomalies, the exit 8, caseoh 8 seconds on exit 8 speed run, exit 8 explained, the exit 8 all deaths"
1536,7341740017351511303,"nct wish, sion, sion nct wish, sakuya nct wish, sakuya voice, sion and sakuya, lagu nct wish, sion and jaehyun, yuta nct, NCT 127"
1544,7357057265968418091,"poetry, reagan poetry, love poetry, Poetry TikTok, Poetry About Love, Poetry Writing, Pottery Videos, Spoken Poetry About Love, Spoken Poetry, love"
1548,7342479175070059784,"taeyong, nct official, nct, NCT Dream, taeyong tap, Lee Jung Edits, Taeyong Songs, taeyong shrek, bow bow bow taeyong, Taeyong NCT Baggy Jeans"
1549,7345187955536874794,"minecraft mob hunt, Minecraft, cheappickle, gaming, Pickle, dog playing, dogs, cheapest pickle kit, Dog Funny Video, dog funny"
1550,7345820136223427847,"Assetto Corsa, vr, Corsa Cars, Vr Games, VR Roller Coaster, Assetto Corsa On PS4"
1552,7335552899960917290,"you have been promoted, meat canyon, you have been promoted original clip, you are now my elite employee, you have been promoted you are now one of my elite employees, elite employee, you have been promoted coworker, you are now promoted, you have been promoted aww, one of my elite employees"
1557,7341863215380516142,"jeepers creepers, jeepers creepers truck gta 5, jeepers creepers gta 5, jeepers creepers truck, jeepers creepers truck scene, phantom truck gta 5, cerberus gta 5, jeepers creepers song, jeepers creepers truck scene gta, rubber banding gta 5"
1568,7355976730332499231,"Lung Test, asthma lung test, lung test meme, swimmer lung test, navy seal lung test, military breath test, the hardest lung test, pushing air out of lungs, hard lung test, lung test funny"
1571,7338703807141989650,"nct wish, nct official, nct, nct wish wish, sakuya nct wish, nct dream, nct wish smtown 2024, Ji Sung NCT, Sungchan NCT, Doyoung - NCT"
1577,7350952413806726421,"nct wish, NCT Dream, nct, yushi birthday, Make A Wish Song By NCT, NCT 127"
1581,7336659528408108334,"sacheu lip stain, Lip Stain, lip stain peel off, lip liner stain, lip liner stain peel off, Lip Plumper, sparkle shine lip plumper, sacheu lip stain pinked, best lip stain, lip combos"
1583,7333647104520244526,"oh deer game, hoofobia game, video games, Gaming, steam games, Funny Games, oh dear, Game Recommendation, Games To Get, deer"
1584,7349684372544441643,"card shuffle machine, shuffle deck, how to shuffle card, Uno, uno shuffle machine, the shuffle deck, automatic card shuffler, shuffling cards, uno card shuffler, Card Games"
1590,7354872470903459115,"navy seal lung test, lung test, swimmer lung test, hold breath test, asthma lung test, instrumental lung test, the hardest lung test, hard lung test, breath test, air force lung test"
1603,7355808332608834822,"im amanda, me once a month, who are you playing with sweetie amanda, im amanda the sound, i'm amanda im six, me once a month vs me everyday, amanda im six, adam sandler outfit, adam sandler, Outfits"
1606,7338017511822150918,"baby face womdantso, baby face fighting with busisiwe, baby face, babyface crying in pain after her father came in jail, baby face kissing her boyfriend, come duze dance challenge, tshwala bami challenges, asambe dance challenge, Baby Face Bodybuilder, Baby Filter"
1607,7340466036325600555,"whitney simmons, birthday fit, birthday dinner, birthday, Vacation Fits, Birthday Celebration, vacation, Birthday Party, Going On Vacation"
1612,7337418827409394986,"Vr Games, vr, zombies vr, Virtual Reality Zombie Game, Mystery Box, what's inside the box game, Gaming, Mystery Box Online, Mystery box unboxing, Zombie Filter Game"
1623,7348150750620568875,"chocolate strawberries, painting, Paint Art, Art Paintings, Chocolate, Chocolate Covered Fruit, strawberry, Chocolate Covered Strawberry, Paintings On Canvas, Painting Designs"
1625,7352271991782591786,"shrek in the backrooms, Baldi's Basics, shrek in the backrooms baldi, baldi's basics roblox, baldi basic roblox game, shrek in the backrooms level 30, shrek in the backrooms level school, roblox games to play, scary roblox games, baldi song"
1634,7331098836359859498,"escape the backrooms, backrooms game, back rooms, multiplayer games, Escape Rooms, paranormal games, Quiet Place Game, Steam, the backrooms waterslide, backrooms levels"
1642,7328947959238987054,"Gym Shorts, gym clothing, Workout Shorts, gym outfits, Shorts, Scrunch Gym Shorts, Cute Shorts, Gym Wear, Cute Gym Outfits, Workout Shorts Outfits"
1656,7355688981629013294,"Lee Hyori, 2000s makeup trend, lee hyori 10 minutes, lee hyori now, maris racal 2000s makeup, 2000's makeup tutorial, 2000's trend, 2000s hairstyles, 2000's makeup, lee hyori makeup"
1660,7355077078112406785,"nomin, NCT Dream, haechan, nct, smoothie nct dream, Na Jaemin, haechan smoothie, NCT - Jaemin And Haechan, NCT Haechan, NCT Members"
1664,7356182708508314881,"Omega X, hangyeom and jungha, junghoon omega x, hangyeom omega x, Truth Or Dare Questions, omega x bl drama, lovely runner omega x, jazz for two"
1667,7342600675462876459,"Preppers Food Storage, Food Prep, doomsday preppers, Food Pantry, Water Purifier, prepper essentials, Food Prep Ideas, food shortages, prep meals, Most Essential Prepping List"
1678,7338680750121749762,"lucas official, nct, NCT Dream, nct wish, xiaojun, wayv, wayv official, winwin edit, winwin and xiaojun, Brightwin"
1680,7343326921834450222,"Facemask, Led Face Mask, LED Masks, LED Mask Skincare, mask, facial mask, face masks skincare, Masks Of TikTok, Korean Sheet Mask, Skincare Korean"
1692,7338083195084180743,"wayv official, mark lee, ten water, nct wish, water ten lee, wayv, Ten, NCT 127, mark and ten, Water (Mixed) Song By Tyla"
1697,7344879770808634667,"prop hunt, cod prop hunt, prop hunt funny moments, prop hunt roblox, Prop Hunt Fortnite, call of duty prop hunt, prop hunt petrol sign, prop hunt mobile game, prop hunt game, prop hunt gas sign"
1698,7348112269567380779,"naruto game, Dashie Funny Moments, dashie, naruto rise of ninja, naruto, the reaper death seal scene, naruto hand signs, dashie naruto game, Naruto Edits, npc"
1705,7345518855814532398,"mac lipstick, bubblegum pink lipstick, pink lipstick, candy yum yum mac, uncomfortable lip color, lipstick, mac lip, mac, lips, lipstick shades"
1734,7330694325916962050,"billiards table set, 8 ball pool, Pool Billiard, Pool, Pool TikTok, billiards trickshots, 8 ball pool tricks, 8 Ball Edits, Billiard Tricks Circle Coin, 8 Ball Pool Tips And Tricks"
1738,7336593720260840710,"Tomb Raider, tomb raider remastered, Lara Croft, tomb raider anniversary, tomb raider 2013, lara croft fortnite, tomb raider fortnite, tomb raider midas, tomb raider midas hand, tomb raider midas touch"
1741,7348092390755798277,"infinite craft, how to make fnaf in infinite craft, infinite craft fnaf, five nights of fun, FNAF, Five Nights At Freddys, fnaf game, five night of freddy, five nights at freddy's game, five nights"
1745,7342105922203913480,"twice, taeyong, chaeyoung problem, NCT Dream, newmusic, nct twice, Taeyong Lee, Park Chaeyoung, Chaeyoung Performing, Twice - Chaeyoung"
1746,7335550354165206302,"clothes i dress her in vs her grandma, baby meets mom, Angry Grandpa, aunt grandma, uncle grandpa, i love my mom, very cool grandpa, team family"
1752,7340249767806651655,"nct wish, nct, nct wish member, sion nct wish, sion yushi, wish, NCT Members, Make A Wish Song By NCT, jaehee nct wish, Make A Wish - NCT"
1754,7331121445696752939,"i'm not wearing makeup right now, how are you gonna feel makeup, i'm not wearing makeup right now original scene, i'm not wearing makeup right now original, make up, Make Up Videos, Graphic Liner, Makeup Look, Valentine's Makeup, Makeup Artist"
1761,7340606208996543790,"2024 tesla model 3, Tesla Model 3, beamng drive, tesla roadster, Tesla, tesla cars, new tesla model 3, BeamNG, tesla tunnel, car driving"
1768,7354034648143465770,"engineer brain, Kohls Job Interview 2 People"
1770,7358362729893186822,"eggplant filter, eggplant color filter, coloring filter, how to make purple, Hollow Purple, what color makes purple, patrick color filter, eggplant coloring, impossible filter, color the eggplant filter"
1776,7338270996752895233,"wayv official, wayv, nct wish, Ten, ten lee, lie with you ten, lie with you, Taeten NCT, ten out of ten laughing, ten predebut"
1783,7360074511288470785,"Home, Home Transformation, home renovation before and after, Home Renovations, Home Renovation Videos, Remodeling The Home, Home Upgrades, Renovating Old Home, Home Improvement, House Remodeling Before And After"
1786,7359539344773827847,"super junior, Leehan, lee han boy next door, Boy Next Door, Super Junior (Boy band), kpop, The Boy Next Door, boynextdoor_official, Go Eunhyuk, super junior d and e"
1787,7350748609530383662,"xQc, xqc talking fast, windpress, xqc reacts to wind press, wind press real voice, balloon filter game, pop the balloon game, Balloon Sport Game, the hardest game ever, Game Is Game Reaction"
1795,7353080395480452395,"suckup gameplay, ai vampire game, convincing ai to let me in their house, video games, convincing ai to let me in, ai game conversation, gaming gameplay, ai game filter, ai robots chargers game, Fun Games"
1798,7338921763461483777,"Pool Billiard, billiards tutorial, How To Shoot A Basketball, Billiard Tricks Circle Coin, Billiards Quarter Trick, How To Launch Ball In A Billiards Tutorial, Essential Billiard Pool Tips, How To Set Properly Volleyball, Futsal Skills"
1800,7354089321047100702,"the coleman family, #coffee, Coffee Making, coffee making videos, #CoffeeTikTok, people making coffee, Coffee On TikTok, Cafe Espumoso, Coffee Cup, Coffee At Home"
1802,7340062811386596650,"gotbignickenergy, gusset check, Whitney Simmons, gotbiggnick, guy falls off bench in gym, guy falls off bench in gym forward, guy falling at gym, Energy Drinks, energy drink risks, Gusset"
1805,7344984511496588587,"zoonomaly gameplay, game zoonomaly, zoonomaly trailer, gaming, video games, Gaming On Tiktok, zoonomaly mobile, zoonomaly aquarium, game zoonomaly ยัยสอง, Gamers Of Tiktok"
1811,7326549319161597192,"nct official, jaehyun, nct, taeyong lee, NCT Dream, NCT 127, jaeyong jealous, jaehyun edit, bow bow bow taeyong, yuta nct"
1812,7339921204553272584,"aespa_official, karina lee jae wook, taeyong, Karina | Aespa, karina, Aespa, karina and lee jae wook, Taeyong Lee, nct, Winter Electric Guitar Aespa"
1815,7348657408127831339,"scary minecraft mods, cave dweller minecraft, minecraft horror mods, minecraft horror, minecraft, Minecraft Game, Minecraft Video Game, Minecraft In Minecraft, you're playing minecraft in a cave, cave dweller minecraft mod"
1823,7342264476114177323,"tara yummy, People With Funny Laughs, people laughing without smiling, lady can't stop laughing, laughing out loud, laughing from shock, landon barker and tara yummy, Laughing On Stage, laughing without expression, laughing without smile"
1833,7348076992044010758,"rizz videos, rizz pickup lines, rizzler girl, she is a real rizzer, Rizzgod, teacher rizzing student, rizzing teachers, real rizzler girls at school, Teacher Rizz, rizz challenge high school edition"
1834,7350697883957595434,"Stitch, Old People With Tattoos, Hand Stitching, The Stitch, Stitch Pool, Patch Work Tattoos, Stitch Toothpaste, Stitch Milk Tea, stitch voice, america ya hallo"
1835,7334667534999784712,"Stayc, Isa StayC, P1Harmony, stayc p1harmony, killin it dance tutorial, jiung p1harmony isa stayc, stayc japan official, killin it p1harmony, Stayc Yoon, jongseob p1harmony"
1848,7352839030448377096,"i wanna test the game roblox, i wanna test the game level 1, iwannatestthegame, i wanna test the geme, you'll never see it coming roblox, Game People Play, Funny Games, games on tiktok, TikTok game, game to play"
1853,7344374960003091732,"nct wish, yushi sion, yushi nct wish, nct dream, nct official, yushi and sakuya, yushi sakuya moment, nct, nct wish ユウシ, sakuya voice"
1854,7338734814239165697,"riize, siren by riize, haechan, nct wish, siren dance tutorial, nct, Shotaro, nct dream, niki and shotaro, NCT 127"
1860,7341735126755298602,"that's not my neighbour, how to download that's not my neighbor on mobile, doppelganger game, how to download that's not my neighbor, guess the doppelganger game bad ending, how to download that's not my neighbor on android, that's not my neighbour bad ending, guess the doppelganger game, what happens if you let doppelganger in, thatsnotmyneighbor"
1865,7340994863468449032,"nct wish, nct dream, boom shakalaka boom, sion nct wish, sion, NCT 127, nct wish member, sakuya nct wish, boom shakalaka, sion yushi"
1879,7355130910301293866,"prop hunt, call of duty prop hunt, cod prop hunt, call of duty black ops cold war, gaming, black ops cold war prop hunt, wish me luck johnny cod, Blue Ling COD"
1883,7335559319557033246,"you have been promoted, love is blind, character dining, Dining Table, Dining Chair, Denny's Diner, dennys, Dining Room Table, ariel love is blind, stacy love is blind"
1888,7334350658776124715,"go to bed game, go to bed game good ending, how to download go to bed, did you hide the knives, riley scallon, go to bed game good ending roblox, did you hide the knives yes, go to bed game roblox, go to bed game kubz, where to play go to bed"
1892,7338642627975187714,"riize, 119 love riize, tiktok silver award, riize member, seunghan riize, anton riize, sohee riize, seunghan coming back, TikTok Awards, Siren Song By Riize"
1893,7327877477785931054,"mirror cube, what color blind people see, color blind rubix cube, How To Solve Rubix Cube, what blind people see, Solve A Rubik's Cube, Rubik's Cube, Rubix Cube Solve, color blind solve a rubik's cube, color blind"
1906,7333524291453029634,"Spy X Family, spy x family movie, anya, spy x family anya need to go bathroom, spy x family white code, anya x damian, anya spy x family, Spy X Family Season 2, Anya Forger - Spy X Family, Becky - Spy X Family"
1911,7351692016704572679,"nct wish, sakuya, nct wish サクヤ, sakuya and ryo, sakuya voice, nct"
1924,7337282749880995080,"try not to cringe challenge, trying not to cringe, skibidi sigma with rizz in ohio, cringe challenge, cringe videos, Skibidi Toilet Song, try not to cringe game, hes right behind me isn't he, try not cringe kallmekris, angelo deep voice"
1925,7352024371151621377,"nct dream, haechan, running man challenge, nct, nct wish, smoothie nct dream, NCT Haechan, smoothie, NCT Funny Moments, NCT Members"
1926,7346936752499674414,"sad minecraft moments, minecraft animation part 1 2 3 4 5, minecraft animation, minecraft revenge to herobrine, annoying villager, sad minecraft moments parte 2, Minecraft, sad minecraft story, minecraft animation herobrine fight, warmilo"
1937,7326044775495355690,"phasmophobia, ouija boards, phasmophobia ouija board, phasmophobia ouija board funny questions, phasmophobia độ mixi, phasmophobia game, milyhya phasmophobia, phasmophobia funny moment, ouija board game, phasmophobia roblox"
1939,7337052287686184235,"jaden williams, leslie drowning scene, kristianph car meme, McQueen Is Fading, jaden williams driving, gaming jaden williams, leslie driving, driving game funny crash, jaden williams breaks character, jaden williams im sorry"
1940,7354043047006571806,"one day out there, one day out there x how to train a dragon, star wars, How To Train Your Dragon, hunchback x how to train your dragon, out there x test drive, i'll have spent one day out there, Duel Of The Fates, one day out there x httyd, spent one day out there"
1945,7343578365032451370,"hennessy venom gt, hennessy car, cars, Venom F5, beaming drive, BeamNG, Fast Car, luxury car, crash test cars, Beam Ng Realistic Crashes"
1951,7348477232198782254,"stormworks, stormworks mobile, how to download stormworks mobile on android, stormworks tsunami, big waves, neotastic boat game, Mobile Games, boat game, north sea, big waves in the ocean"
1952,7338628123799358763,"xbox sign out prank on cod, nostalgia, Nostalgia Moments, black ops 1, Blue Ling COD, The Man, mannequin cod bo3, wish me luck johnny cod, how to get raygun bo2 meme"
1961,7355749936819997968,"nct dream, jisung, ときめき宣伝部, smoothie nct dream, nct, jisung smoothie, smoothie dance tutorial, smoothie nct, smoothie, Ji Sung NCT"
1968,7337446524865023274,"infinite craft, Craft, infinite, Online Game, little alchemy, infinite craft human, infinite craft iphone, Minecraft Game, infinite craft recipes, Cool Games"
1985,7349921898966289684,"new the boyz, The Boyz, nct wish, chanhee the boyz, nct dream, younghoon chanhee, nct, yushi nct wish, the boyz nct wish, younghoon the boyz"
1991,7347140596873563438,"scary baboon, gorilla tag, how to get scary baboon, scary baboon funny moments, Gorilla Tag Horror, how to play scary baboon, how to join a server in scary baboon, big scary vr, how to get scary baboon vr quest two, how to download scary baboon"
1992,7331004478377708808,"bow bow bow taeyong, Taeyong, yeji bow bow bow, bow bow bow taeyong and yeji, taeyong megan knees, taeyong lee, bow bow bow kpop, bow bow bow sey redd, shake shake shake bow bow bow, Taeyong Songs"
2006,7335586859847830802,"poot, poot abbie herbert, Parenting Toddlers, Little Children, toddler bed, potty trainer for toddler, Toddler Activities, Toddler Diaper Bag, Toddler Sippy Cups Oz, Toddler Routines"
2011,7352620356730965291,"alexandra sabol marshmallow, alexandra sabol dee, alexandra sabol dee drama, alexandra sabol girlfriend"
2012,7335899586126433579,"minecraft civilization, dirt civilization, parkour civilization, minecraft, minecraft game, Minecraft In Minecraft, Minecraft Parkour, Minecraft Animation, Minecraft Worlds, mining civilization"
2021,7339879355285359880,"Taeyong, like i do, taeyong lee, like i do tutorial, nct, like i do dance, nct wish, like i do mark jisung, Taeyong Songs, NCT 127"
2022,7353618121384529194,"Rust, rust minecraft, rust raid, rust gameplay, creebus sweetie fox, rust clan raid, rust game minecraft, creebus rust, minecraft, Minecraft Video Game"
2029,7354525450946792747,"Boxer, Boxing Videos, boxing clips, TikTok Boxing, Boxing Defense, Boxing Styles, Boxing Techniques, Professional Boxing, Boxers Training, boxer vs street"
2033,7334822782448127278,"plunger roulette cop ending, buckshot roulette, plunger roulette roblox, scary roblox games, video games, games on tiktok, buckshot roulette roblox, Gaming, buckshot roulette game, Game People Play"
2041,7333721958028315950,"5 nights at shrek, 5 nights at shrek caseoh, caseohgames, shrek hotel, shrek hotel game, caseoh funny moments, caseoh shrek hotel, shrek rave visuals, 5 nights at shrek hotel caseoh, Shrek Rave"
2042,7333752259139947822,"minecraft horror, the man from the fog, from the fog minecraft, Herobrine Minecraft, itzpollo, scary minecraft mods, Minecraft, minecraft game, Minecraft Video Game, cave dweller"
2043,7357080596495011103,"vr, Spider-Man VR, Spider Man Vr Game, spiderman, Spider-Man Spider, The Spot Spider-Man Game, spiderman swinging, Spider Man Cartoon Animation, Spider Man Cosplay, Marvel's Spider-Man Game"
2050,7351875241049689386,"purple rain, purple rain transition, purple rain prom dress, purple rain transition prom, purple rain prom, senior prom, senior prom transition, purple rain prom transition sound, Dress, purple prom dress"
2057,7326208317901065478,"ready or not, ready or not ps4, ready or not xbox, ready or not mobile, swat 4 game, ready or not para ps4, swat 4 ps4, ready or not gameplay, ready or not game on xbox, ready or not xbox series s"
2064,7344038288493202730,"goatman minecraft, minecraft horror mods, the goatman minecraft, the goatman, cave dweller minecraft, scary minecraft mods, minecraft horror, minecraft, the goatman mod minecraft, Jenny Mod Minecraft"
2065,7344250710273330475,"pico park game, pico park for android, Funny Game, Funny Gaming Moments, multiplayer games, Games On Tiktok, Game People Play, Tiktok Game, picoparkgameplay, VanossGaming Funny Moments"
2067,7347047325191228714,"scary baboon, gorilla tag, Gorilla Tag Horror, scary baboon funny moments, how to get scary baboon vr, flame vr, how to download scary baboon, how to get scary baboon vr in quest two, vr, how to download scary baboon on mobile"
2080,7349108586259221765,"milkman gets angry, milkman fanart, that's not my neighbour, chara that's not my neighbor, milkman x angus, milkman that's not my neighbor, milkman game, milk man not my neighbor, thatsnotmyneighbor, milkman edits"
2085,7346149998423198994,"RIIZE, Shotaro, shotaro dance, Rise Movie, Siren Song By Riize, riize showering, Shotaro And Anton, shotaro speaking japanese, riize at TMA awards 2023, seunghan riize"
2087,7347525698732576006,"newborn photoshoot meme, Kika Kim, newborn photoshoot hayley, newborn photoshoot pup, newborn baby photoshoot, baby photoshoot, no one newborn photoshoot, kikakiim dance 2021, hailey bailey newborn, photo shoot"
2096,7337507660566170926,"Gorilla Tag Horror, gorilla tag, how to get lethal ape, vr horror funny moments, vr, reddvr, lethal ape vr, Vr Games, Gorilla Tag Video game, Gorilla Tag Game"
2115,7343707603404328235,"nicoleisgod, Airplane, Trip Travel, trips, Airplane Experience, Trip Vacation Videos, Travel Vacation Trip, Traveling TikTok, Airplane Vlog, plane stories"
2119,7331266680934419714,"RIIZE, shotaro and tora, love 119, Shotaro, saiki k, love 119 dance, shotaro dance, riize_official, Siren Song By Riize, riize at TMA awards 2023"
2132,7334059717238557994,"card declining at therapy, card declining at therapy dad crying, pov your card declines at therapy, when your card gets declined at therapy, card declined therapy, your card gets declined at therapy, cut the right wire, Therapy Session, Therapy, my therapy card"
2142,7356556741233904914,"sakuya voice, nct wish, sakuya yare yare, yare yare sunwoo, sakuya nct wish, yare yare dance, sakuya nct voice, nct, sakuya deep voice, yare yare sunwoo trend"
2147,7340472789289356590,"doppelganger game, papers please, that's not my neighbor, how to download that's not my neighbor, how to download that's not my neighbor on mobile, thatsnotmyneighbor, that's not my neighbour game ending, that's not my neighbor game, horror doppelganger, doppelgänger"
2154,7338359849522105606,"switch blade, police simulator xbox, police simulator ps5, police simulator mobile, how to download police simulator, is police simulator free, shadesofnate, shades of nate hacker kid, shades of nate police simulator, Police Simulator: Patrol Officers"
2166,7339132447537368351,"anaconda movie, mega american duet"
2173,7344818060626251050,"pistachio ice cream, jade bowl, pregnancy cravings, nara smith modeling, homemade caramel sauce, Homemade Caramel, nara smith runway modeling, nara smith runway, nara smith age, vanilla ice cream olive oil"
