distributed_link,persona,current_time,rec_1,rec_2,rec_3,rec_4,rec_5,rec_6,rec_7,rec_8
https://www.tiktok.com/@evilnetik/video/7328399559120424235,Sports,2024-04-17 21:52:49.844319,https://www.tiktok.com/@michael_liscio72/video/7338134506777365802,https://www.tiktok.com/@wormstastefunny/video/7331787262981655850,https://www.tiktok.com/@pippetmcmuffin/video/7329276492502863135,https://www.tiktok.com/@longlivethechaz/video/7329700520023641387,https://www.tiktok.com/@lehighwomenswrestling/video/7327473225078672682,https://www.tiktok.com/@starrlorainsews/video/7326669380983541023,https://www.tiktok.com/@espn/video/7331122913946438955,https://www.tiktok.com/@iyannanicole._/video/7325931563236216110
https://www.tiktok.com/@allman289/video/7351316418132036906,Sports,2024-04-17 22:00:11.257762,https://www.tiktok.com/@shoptintzy/video/7349269490695179551,https://www.tiktok.com/@ilovetheweekend24/video/7328188310889827614,https://www.tiktok.com/@caf_online/video/7334501338652413189,https://www.tiktok.com/@jenny.berry52/video/7358628702529359110,https://www.tiktok.com/@jukes/video/7349732710790909230,https://www.tiktok.com/@lalacountrys/video/7358817293196872966,https://www.tiktok.com/@raz0ymant0r/video/7358540660036635909,https://www.tiktok.com/@bang_chana03/video/7358454176839404806
https://www.tiktok.com/@imanalidib/video/7337448931418180906,Sports,2024-04-17 23:00:03.435225,https://www.tiktok.com/@liltazvert/video/7334072356328967466,https://www.tiktok.com/@notdave._/video/7358767963735870726,https://www.tiktok.com/@yankees/video/7352279211509370155,https://www.tiktok.com/@emilyyharrigan/video/7328878855047957791,https://www.tiktok.com/@coach.rac/video/7337782242825063723,https://www.tiktok.com/@liltazvert/video/7344867889763241262,https://www.tiktok.com/@sa.tomaa/video/7338254186712190251,https://www.tiktok.com/@whiteboyem/video/7342236706931805482
https://www.tiktok.com/@shereeneidriss/video/7343021997191941418,Sports,2024-04-18 00:00:04.765236,https://www.tiktok.com/@xocheergurlox/video/7346992683577052458,https://www.tiktok.com/@mojojojokes/video/7343639147829120298,https://www.tiktok.com/@shereeneidriss/video/7352313772654021934,https://www.tiktok.com/@shereeneidriss/video/7338889979269106986,https://www.tiktok.com/@dermatologysurgeon/video/7343281453251218730,https://www.tiktok.com/@shereeneidriss/video/7341919738827722026,https://www.tiktok.com/@dr.mamina/video/7329900461845253419,https://www.tiktok.com/@shereeneidriss/video/7342875010253606190
https://www.tiktok.com/@yourfavoriteguy/video/7337028694449458474,Sports,2024-04-18 01:00:14.201478,https://www.tiktok.com/@overtime/video/7328959518908583214,https://www.tiktok.com/@sportfanzs/video/7342174173806071071,https://www.tiktok.com/@camman.18/video/7329422584808787231,https://www.tiktok.com/@itonyvara/video/7325957799723420974,https://www.tiktok.com/@yourfavoriteguy/video/7337814895133592875,https://www.tiktok.com/@yourfavoriteguy/video/7337826454111145259,https://www.tiktok.com/@yourfavoriteguy/video/7326301445999824171,https://www.tiktok.com/@jayrscottyy/video/7345527304501660970
https://www.tiktok.com/@thatfoodielyss/video/7323797404011089198,Sports,2024-04-18 02:00:10.985754,https://www.tiktok.com/@joeliethebarber/video/7339362758938463489,https://www.tiktok.com/@j.billiard3/video/7352416715755523344,https://www.tiktok.com/@omer_.bozkurt04/video/7358862941988375814,https://www.tiktok.com/@alyssaberryxx/video/7351128447453891845,https://www.tiktok.com/@j.billiard3/video/7337793649964584193,https://www.tiktok.com/@nutterbuttergear/video/7331806873064197382,https://www.tiktok.com/@wl_qoutes/video/7328369360219704607,https://www.tiktok.com/@sscoliosiss.brace/video/7340393497662328106
https://www.tiktok.com/@meme._.galaxy/video/7334316740840574240,Sports,2024-04-18 03:00:20.961161,https://www.tiktok.com/@haruun_apdi/video/7348869373634891013,https://www.tiktok.com/@shlatfish/video/7354202185120402731,https://www.tiktok.com/@blue.lee3/video/7350194853399022853,https://www.tiktok.com/@ring_jedi/video/7347780313994546474,https://www.tiktok.com/@repxkicks/video/7341419084267146542,https://www.tiktok.com/@repx_kick/video/7338458154289859886,https://www.tiktok.com/@15por_ciento/video/7331111652454321414,https://www.tiktok.com/@manualidades_diy_fei/video/7339192868763864363
https://www.tiktok.com/@chhloekim/video/7353865845061258513,Sports,2024-04-18 04:00:04.147790,https://www.tiktok.com/@chhloekim/video/7331459504623734017,https://www.tiktok.com/@misosumiii/video/7331648339911675182,https://www.tiktok.com/@anotherbaldgirl/video/7333507874884209941,https://www.tiktok.com/@chhloekim/video/7341089973778648321,https://www.tiktok.com/@inumakimmi/video/7353662874910330155,https://www.tiktok.com/@misosumiii/video/7343651345662217518,https://www.tiktok.com/@misosumiii/video/7338677724032077099,https://www.tiktok.com/@misosumiii/video/7326152404557106475
https://www.tiktok.com/@davidsonboswell/video/7351474612892470571,Sports,2024-04-18 05:00:03.590119,https://www.tiktok.com/@jennnyisveryfunny/video/7354034648143465770,https://www.tiktok.com/@calvingrindz/video/7355269943417441578,https://www.tiktok.com/@gothic.regina.george/video/7350697883957595434,https://www.tiktok.com/@reesematisse/video/7343805696200166698,https://www.tiktok.com/@makonieni/video/7358727402928868613,https://www.tiktok.com/@bencarpenterphotos/video/7329194400297274654,https://www.tiktok.com/@dniare/video/7358626826421308677,https://www.tiktok.com/@perle.rare084/video/7358683079935937797
https://www.tiktok.com/@shhhhimeating/video/7335151140415311146,Sports,2024-04-18 06:00:11.975001,https://www.tiktok.com/@debbiekval/video/7342144141322718510,https://www.tiktok.com/@kittyfoodie/video/7328271705779080490,https://www.tiktok.com/@banginbuns/video/7337796801665256734,https://www.tiktok.com/@recipesbyrachie/video/7325921000346995975,https://www.tiktok.com/@debbiekval/video/7325971430972329262,https://www.tiktok.com/@debbiekval/video/7329687072510446891,https://www.tiktok.com/@hunjoe/video/7326386153123351851,https://www.tiktok.com/@fs._ari/video/7353393390261882158
https://www.tiktok.com/@trackvortex/video/7350367044488957214,Sports,2024-04-18 07:00:08.800109,https://www.tiktok.com/@sh1tposts.mp4/video/7348822108329364778,https://www.tiktok.com/@calebjwilber/video/7343367618574880046,https://www.tiktok.com/@nikkithestaffy_/video/7340072756534480129,https://www.tiktok.com/@hajimuhammad575/video/7355875694859078917,https://www.tiktok.com/@duolingo/video/7330270713305255210,https://www.tiktok.com/@dan_kirvin/video/7355334963560074501,https://www.tiktok.com/@sanaupgserq/video/7350164243016158507,https://www.tiktok.com/@hajimuhammad575/video/7357005523717229829
https://www.tiktok.com/@kbootyjenny/video/7322216236874616071,Sports,2024-04-18 08:00:02.751082,https://www.tiktok.com/@enwyadi/video/7358854448451554565,https://www.tiktok.com/@adeeeeeval/video/7358866822734744838,https://www.tiktok.com/@xphenelope/video/7358707001855069445,https://www.tiktok.com/@kbootyjenny/video/7338571268360326402,https://www.tiktok.com/@nonbeatsz/video/7359093156618439937,https://www.tiktok.com/@amouriori/video/7358902000819440902,https://www.tiktok.com/@frustratingallday/video/7358662739490770182,https://www.tiktok.com/@keomilols/video/7358608759133949189
https://www.tiktok.com/@the_inconvenient_truth88/video/7357026311220612394,Sports,2024-04-18 09:00:18.442662,https://www.tiktok.com/@notgracefuger/video/7330773401302289707,https://www.tiktok.com/@kxks.official/video/7337874524425243922,https://www.tiktok.com/@girlonset/video/7350200254295493934,https://www.tiktok.com/@ibra_11z_/video/7348440834787904773,https://www.tiktok.com/@truongvu.32/video/7338011566953991432,https://www.tiktok.com/@ligue1ubereats/video/7352209127638191365,https://www.tiktok.com/@chachofreestyle/video/7336659237545774344,https://www.tiktok.com/@sportstiktokunfiltered/video/7341870291703844138
https://www.tiktok.com/@meganmota/video/7356393174585052458,Sports,2024-04-18 10:00:12.842563,https://www.tiktok.com/@tayyabawan751/video/7359072973631868178,https://www.tiktok.com/@user6771671527728/video/7358876683904077072,https://www.tiktok.com/@j.jh11/video/7358694548777782533,https://www.tiktok.com/@user2797547790205/video/7357874998775745799,https://www.tiktok.com/@thabii274/video/7358824508700118278,https://www.tiktok.com/@tayyabawan751/video/7329136226424917253,https://www.tiktok.com/@tayyabawan751/video/7359143757767347464,https://www.tiktok.com/@tayyabawan751/video/7358821752132078866
https://www.tiktok.com/@leah.givestipss/video/7238391829421395243?q=workout&t=1713313864755,Sports,2024-04-18 11:00:01.940549,https://www.tiktok.com/@iamnzae/video/7359169204827868421?q=workout&t=1713313864755,https://www.tiktok.com/@nonbeatsz/video/7358974423589866768?q=workout&t=1713313864755,https://www.tiktok.com/@icafabria/video/7358737666977844486?q=workout&t=1713313864755,https://www.tiktok.com/@rina_.ho_o/video/7358688545340427525?q=workout&t=1713313864755,https://www.tiktok.com/@iisxgarspeedruns/video/7359132906893085959?q=workout&t=1713313864755,https://www.tiktok.com/@kanzakianna36/video/7359191038524787985?q=workout&t=1713313864755,https://www.tiktok.com/@nonbeatsz/video/7358106430517300497?q=workout&t=1713313864755,https://www.tiktok.com/@nonbeatsz/video/7355848037542989072?q=workout&t=1713313864755
https://www.tiktok.com/@naraazizasmith/video/7349646353267576107,Sports,2024-04-18 12:00:01.384885,https://www.tiktok.com/@naraazizasmith/video/7339640325251599658,https://www.tiktok.com/@naraazizasmith/video/7328878750915988778,https://www.tiktok.com/@naraazizasmith/video/7326290660938566955,https://www.tiktok.com/@naraazizasmith/video/7333700632559422766,https://www.tiktok.com/@naraazizasmith/video/7330368924325776683,https://www.tiktok.com/@naraazizasmith/video/7332586913670483243,https://www.tiktok.com/@naraazizasmith/video/7341491893550763307,https://www.tiktok.com/@naraazizasmith/video/7331853860593503531
https://www.tiktok.com/@fanniemiller1965/video/7349715155153931551,Sports,2024-04-18 13:00:19.099704
https://www.tiktok.com/@ayesebastien/video/7343001838003768618,Sports,2024-04-18 14:00:18.111658,https://www.tiktok.com/@d4rksinnn/video/7359014810807258374,https://www.tiktok.com/@ayesebastien/video/7345975888074247466,https://www.tiktok.com/@ayesebastien/video/7352281392086142250,https://www.tiktok.com/@ayesebastien/video/7335256757398244650,https://www.tiktok.com/@ayesebastien/video/7347469156918480174,https://www.tiktok.com/@annaibruv/video/7358763419803127048,https://www.tiktok.com/@omgcupcakez/video/7358796902244125957,https://www.tiktok.com/@ayesebastien/video/7341162864520154414
https://www.tiktok.com/@taylerfit/video/7287664074081586438?q=workout&t=1713313864755,Sports,2024-04-18 15:00:05.541970,https://www.tiktok.com/@taylerfit/video/7328547883421043974?q=workout&t=1713313864755,https://www.tiktok.com/@taylerfit/video/7331877431885794566?q=workout&t=1713313864755,https://www.tiktok.com/@taylerfit/video/7331544498469686533?q=workout&t=1713313864755,https://www.tiktok.com/@taylerfit/video/7342644740107635973?q=workout&t=1713313864755,https://www.tiktok.com/@elin_wonyoungsim/video/7358826415497727240?q=workout&t=1713313864755,https://www.tiktok.com/@taylerfit/video/7340799998675799301?q=workout&t=1713313864755,https://www.tiktok.com/@taylerfit/video/7335679190827601158?q=workout&t=1713313864755,https://www.tiktok.com/@wormarij/video/7359252922196036882?q=workout&t=1713313864755
https://www.tiktok.com/@marissa.lubeck/video/7343439600372829483,Sports,2024-04-18 16:00:09.485707,https://www.tiktok.com/@jordan_stephens25/video/7327332608864423210,https://www.tiktok.com/@rocktownmedia/video/7331058431421369643,https://www.tiktok.com/@emwood.21/video/7343814094996262187,https://www.tiktok.com/@preppylifestyleld/video/7337498251974675754,https://www.tiktok.com/@laneige_kr/video/7339724178603379975,https://www.tiktok.com/@..jesella/video/7336884479635557638,https://www.tiktok.com/@miaaaaa12130/video/7342395329884556590,https://www.tiktok.com/@millymill23/video/7346995265884278059
https://www.tiktok.com/@nickshirleyy/video/7345604222190390574,Sports,2024-04-18 17:00:11.322238,https://www.tiktok.com/@liltazvert/video/7332625795476737323,https://www.tiktok.com/@nickshirleyy/video/7329988492660919594,https://www.tiktok.com/@nickshirleyy/video/7327105476699671851,https://www.tiktok.com/@chickenhappyhour/video/7356015606426045738,https://www.tiktok.com/@ranjhajee3/video/7359095034446269701,https://www.tiktok.com/@nickshirleyy/video/7344058831028194602,https://www.tiktok.com/@nickshirleyy/video/7340010871835479339,https://www.tiktok.com/@nickshirleyy/video/7342608184361717034
https://www.tiktok.com/@sophiesophss/video/7356733416546602282,Sports,2024-04-18 18:00:04.097021,https://www.tiktok.com/@sophiesophss/video/7337468499444387114,https://www.tiktok.com/@manueldubois8/video/7359225020553366789,https://www.tiktok.com/@moremoneynofriends/video/7338992539116047662,https://www.tiktok.com/@lilytrii/video/7343435754686713131,https://www.tiktok.com/@roostarzhotchicken/video/7330783401579957550,https://www.tiktok.com/@kimssspamm/video/7328440303319551278,https://www.tiktok.com/@skyenoigg/video/7354473635219852590,https://www.tiktok.com/@jaaliyahs/video/7329321887480155398
https://www.tiktok.com/@thefitmamalife/video/7328925121014500650?q=workout&t=1713313864755,Sports,2024-04-18 19:00:20.333258,https://www.tiktok.com/@nfl/video/7333425149703736619?q=workout&t=1713313864755,https://www.tiktok.com/@aqwft/video/7359278828260297989?q=workout&t=1713313864755,https://www.tiktok.com/@whatgoinn/video/7359165021043100946?q=workout&t=1713313864755,https://www.tiktok.com/@gamingaddictfc24/video/7359255574984412421?q=workout&t=1713313864755,https://www.tiktok.com/@hellooo.aya/video/7359026320099020037?q=workout&t=1713313864755,https://www.tiktok.com/@killer.king134/video/7358836803803155728?q=workout&t=1713313864755,https://www.tiktok.com/@kl4yzein9/video/7358987450099748101?q=workout&t=1713313864755,https://www.tiktok.com/@albertram0/video/7359198735819197702?q=workout&t=1713313864755
https://www.tiktok.com/@kaivaugha/video/7322185040853617921,Sports,2024-04-18 20:00:17.000329,https://www.tiktok.com/@vinns.roblox/video/7359129230304693510,https://www.tiktok.com/@h7zenx/video/7359266488475241745,https://www.tiktok.com/@alexramostraining/video/7328764940561567006,https://www.tiktok.com/@sundayssheart/video/7359317617825303813,https://www.tiktok.com/@mm2.sea/video/7358792046104087816,https://www.tiktok.com/@nikcski/video/7359004606036315398,https://www.tiktok.com/@yorkiebun/video/7358916890472893701,https://www.tiktok.com/@goktubenn/video/7359211036915928325
https://www.tiktok.com/@theunexpectedspy/video/7346342355999460639,Sports,2024-04-18 21:00:04.594330,https://www.tiktok.com/@homepl8training/video/7346218249400438059,https://www.tiktok.com/@_faithrob1/video/7343331931758775598,https://www.tiktok.com/@average_trackstar/video/7327807193674157358,https://www.tiktok.com/@average_trackstar/video/7327807193674157358,https://www.tiktok.com/@mostvaluablepromotions/video/7341611744671976747,https://www.tiktok.com/@ligue1ubereats/video/7331893604073426182,https://www.tiktok.com/@madydabest/video/7344449103436221738,https://www.tiktok.com/@agathe2yourlikeng/video/7338846279214140715
https://www.tiktok.com/@_jessvu/video/7351058065128541470,Sports,2024-04-18 22:00:06.102163,https://www.tiktok.com/@sadelynmadelyn/video/7327138170875743530,https://www.tiktok.com/@sadelynmadelyn/video/7327883060266028334,https://www.tiktok.com/@claudiaeatsgood/video/7353751011531574570,https://www.tiktok.com/@silkygem/video/7352601749938523434,https://www.tiktok.com/@ntabwobacloude22/video/7359193600502041862,https://www.tiktok.com/@leighannk_/video/7345184067907849503,https://www.tiktok.com/@jvhiguera006/video/7341664062515973422,https://www.tiktok.com/@miahomecatfe/video/7353221855622335750
https://www.tiktok.com/@lucia.mikusova/video/7308812062598237473?q=workout&t=1713313864755,Sports,2024-04-18 23:00:17.529105,https://www.tiktok.com/@ag_soccer/video/7330229867545627909?q=workout&t=1713313864755,https://www.tiktok.com/@muuse.suude/video/7358858232762305797?q=workout&t=1713313864755,https://www.tiktok.com/@madi_3026/video/7348689702741921025?q=workout&t=1713313864755,https://www.tiktok.com/@patmcafeeshowofficial/video/7346322653160082734?q=workout&t=1713313864755,https://www.tiktok.com/@ash_lay/video/7349319826260675886?q=workout&t=1713313864755,https://www.tiktok.com/@nuhuayagiofficial/video/7358915430028676357?q=workout&t=1713313864755,https://www.tiktok.com/@rishad2087/video/7356538575111965960?q=workout&t=1713313864755,https://www.tiktok.com/@rocio.fandio1/video/7358935844507405573?q=workout&t=1713313864755
https://www.tiktok.com/@natviolette/video/7325175869620817198,Sports,2024-04-19 00:00:07.843156
https://www.tiktok.com/@underthedesknews/video/7355878522696600874,Sports,2024-04-19 01:00:10.508789,https://www.tiktok.com/@alisonpea52/video/7358956488942980357,https://www.tiktok.com/@underthedesknews/video/7344155387504987435,https://www.tiktok.com/@underthedesknews/video/7349982344050167082,https://www.tiktok.com/@rvisuls130/video/7358866152476380424,https://www.tiktok.com/@chece.liss/video/7359037156158901509,https://www.tiktok.com/@obiannd/video/7358964800812027141,https://www.tiktok.com/@kavopsi/video/7358874901740064018,https://www.tiktok.com/@tigress19863/video/7359048801983745285
https://www.tiktok.com/@sailorkinsley/video/7328128899236384031,Sports,2024-04-19 02:00:14.686636,https://www.tiktok.com/@sailorkinsley/video/7335550354165206302,https://www.tiktok.com/@sailorkinsley/video/7354089321047100702
https://www.tiktok.com/@adamesderick/video/7341151587798125867,Sports,2024-04-19 03:00:01.442725,https://www.tiktok.com/@.jasm1nnn/video/7350506100669664558,https://www.tiktok.com/@amarsiapparel/video/7342929051662683434,https://www.tiktok.com/@j3ssiahh/video/7354128217428593962,https://www.tiktok.com/@catsontop555/video/7334088398786940203,https://www.tiktok.com/@mont3s._/video/7339031240638467359,https://www.tiktok.com/@officerwright2.0/video/7332586985107770666,https://www.tiktok.com/@barstoolsports/video/7342346482185538847,https://www.tiktok.com/@barstoolsports/video/7330292953434443039
https://www.tiktok.com/@brendaa.chan/video/7321883005050719534,Sports,2024-04-19 04:00:11.962008,https://www.tiktok.com/@miriamn64/video/7358913016374578437,https://www.tiktok.com/@chickenhappyhour/video/7357839609012866350,https://www.tiktok.com/@j.billiard3/video/7338233798355619073,https://www.tiktok.com/@lizzdm0/video/7359075666836376837,https://www.tiktok.com/@arty_zubkov/video/7356726796508810538,https://www.tiktok.com/@miriamn64/video/7359095205028515077,https://www.tiktok.com/@miriamn64/video/7357547720002882821,https://www.tiktok.com/@miriamn64/video/7356670953977384198
https://www.tiktok.com/@cnn/video/7356004064121015598?q=cnn&t=1713312454818,Sports,2024-04-19 05:00:12.963271
https://www.tiktok.com/@phsbenji/video/7333325402301123883,Sports,2024-04-19 06:00:02.171104,https://www.tiktok.com/@packjower/video/7331776613459217707,https://www.tiktok.com/@chase.subrest/video/7342473065940421930,https://www.tiktok.com/@wow_bro_thats_crazy_/video/7350035175553633579,https://www.tiktok.com/@shaedyz/video/7344803147119987998,https://www.tiktok.com/@notblaunt2/video/7350810233075240235,https://www.tiktok.com/@remarcooo/video/7337379732138495278,https://www.tiktok.com/@notblaunt2/video/7347498151248432426,https://www.tiktok.com/@sparkyghoul/video/7345531690191686954
https://www.tiktok.com/@tpendergrass23/video/7354818318777306414,Sports,2024-04-19 07:00:13.495049,https://www.tiktok.com/@darkeyebrows/video/7350454864071150890,https://www.tiktok.com/@jaz.th.200/video/7347169777103883566,https://www.tiktok.com/@laur_laur253/video/7347191740312407339,https://www.tiktok.com/@neviikore/video/7346670308184591622,https://www.tiktok.com/@overtime/video/7339315832205348142,https://www.tiktok.com/@korean.comic/video/7335194280501202177,https://www.tiktok.com/@initialgurlll/video/7340826442340633899,https://www.tiktok.com/@not_simone444/video/7335451709122235690
https://www.tiktok.com/@acarusbeauty/video/7329622096005319982,Sports,2024-04-19 08:00:06.762301,https://www.tiktok.com/@bloxburgdeluna/video/7359508140544625928,https://www.tiktok.com/@gracehuangg/video/7359041552343125256,https://www.tiktok.com/@whereareuyeezy_/video/7358969387996482837,https://www.tiktok.com/@_fpsnini/video/7359141566516120837,https://www.tiktok.com/@unforgiveforyou/video/7359435030776532232,https://www.tiktok.com/@yaysitap/video/7359429305442651397,https://www.tiktok.com/@de_ouse/video/7327727015916735750,https://www.tiktok.com/@teufactory/video/7359473009125510406
https://www.tiktok.com/@msnbc/video/7358538332013366570?q=fox%20news&t=1713312473138,Sports,2024-04-19 09:00:06.990584,https://www.tiktok.com/@iampipi.whoareyou/video/7359492008555121927?q=fox news&t=1713312473138,https://www.tiktok.com/@.wonyslifee/video/7359444427246488837?q=fox news&t=1713312473138,https://www.tiktok.com/@gudinhanches11/video/7359392473174609157?q=fox news&t=1713312473138,https://www.tiktok.com/@angelsanchez.017/video/7359350245748198661?q=fox news&t=1713312473138,https://www.tiktok.com/@hazara.girl45/video/7353968711193201938?q=fox news&t=1713312473138,https://www.tiktok.com/@matt_rife/video/7350429699580906798?q=fox news&t=1713312473138,https://www.tiktok.com/@istudy_language/video/7359189823728389384?q=fox news&t=1713312473138,https://www.tiktok.com/@_yeoniejae/video/7359187558850366727?q=fox news&t=1713312473138
https://www.tiktok.com/@kittyfoodie/video/7345990151597821226,Sports,2024-04-19 10:00:04.329223,https://www.tiktok.com/@tayyabawan751/video/7359553035456007432,https://www.tiktok.com/@kittyfoodie/video/7336868254251552046,https://www.tiktok.com/@kittyfoodie/video/7337905046589312298,https://www.tiktok.com/@kittyfoodie/video/7339783637379861802,https://www.tiktok.com/@kittyfoodie/video/7357762031556021546,https://www.tiktok.com/@kittyfoodie/video/7336805012275842347,https://www.tiktok.com/@kittyfoodie/video/7346110081697713451,https://www.tiktok.com/@kauagisley/video/7357490451298913542
https://www.tiktok.com/@raftzbasketballeditz1/video/7342132710942493958,Sports,2024-04-19 11:00:13.978531,https://www.tiktok.com/@raftzbasketballeditz1/video/7349116473270455570,https://www.tiktok.com/@kosmossale/video/7359286365634186502,https://www.tiktok.com/@raftzbasketballeditz1/video/7352469230454967559,https://www.tiktok.com/@minhohoe/video/7359161693798272274,https://www.tiktok.com/@osamak94/video/7359038760392101126,https://www.tiktok.com/@raftzbasketballeditz1/video/7355793916831993096,https://www.tiktok.com/@l.uisfer/video/7359433878206991621,https://www.tiktok.com/@minhohoe/video/7358499756177362194
https://www.tiktok.com/@isabellacjansen/video/7348616841389968686,Sports,2024-04-19 12:00:07.908003,https://www.tiktok.com/@m00bie/video/7351457457006218539,https://www.tiktok.com/@isabellacjansen/video/7334897311501471022,https://www.tiktok.com/@isabellacjansen/video/7336659528408108334,https://www.tiktok.com/@isabellacjansen/video/7328947959238987054,https://www.tiktok.com/@casinha.da_day/video/7359342001642360070,https://www.tiktok.com/@melanyee_rdz/video/7359350825703050501,https://www.tiktok.com/@m1rs4doffline/video/7359346577082715397,https://www.tiktok.com/@tariqbaloch00531/video/7354664829677751559
https://www.tiktok.com/@briantylercohen/video/7350330174883335466?q=fox%20news&t=1713312473138,Sports,2024-04-19 13:00:00.922376
https://www.tiktok.com/@onlyinindia_/video/7344410320183627050,Sports,2024-04-19 14:00:16.121706,https://www.tiktok.com/@4reumdt/video/7359521162256469254,https://www.tiktok.com/@4yamaha/video/7359128719895661830,https://www.tiktok.com/@mariaduda8960/video/7359417465849318661,https://www.tiktok.com/@el_angeliko/video/7350451625019886891,https://www.tiktok.com/@therealoscarmendez/video/7352276435312119082,https://www.tiktok.com/@royal.lily.paper/video/7338952213903052074,https://www.tiktok.com/@horrorvisuals/video/7336593720260840710,https://www.tiktok.com/@86hands/video/7342952042169765163
https://www.tiktok.com/@memebrzi/video/7330299774677110049,Sports,2024-04-19 15:00:05.391608,https://www.tiktok.com/@espn/video/7330397208631889198,https://www.tiktok.com/@san.dhu87/video/7359131608135322896,https://www.tiktok.com/@_kpop_my_family_/video/7359298110423567621,https://www.tiktok.com/@olesyazolina/video/7359477331490082054,https://www.tiktok.com/@awan3737/video/7355934215818513681,https://www.tiktok.com/@thejessicatepper/video/7348996037110975786,https://www.tiktok.com/@san.dhu87/video/7359504399317650689,https://www.tiktok.com/@san.dhu87/video/7359254287123238160
https://www.tiktok.com/@shereeneidriss/video/7356039120021376302,Sports,2024-04-19 16:00:08.366648,https://www.tiktok.com/@callmehardio2/video/7359555307632119046,https://www.tiktok.com/@real_bass/video/7359340805900766470,https://www.tiktok.com/@korra251/video/7359327161926356229,https://www.tiktok.com/@sabisbe424268817093/video/7359552172889083142,https://www.tiktok.com/@navigue5baton/video/7359363682691796229,https://www.tiktok.com/@leqaa_samir/video/7359255612879899910,https://www.tiktok.com/@1309studios/video/7357758675735366919,https://www.tiktok.com/@roseandben/video/7356411274919726382
https://www.tiktok.com/@themaybeseanc/video/7325472083813666091,Sports,2024-04-19 17:00:15.972679,https://www.tiktok.com/@elfranchee/video/7359588167588089094,https://www.tiktok.com/@nonnnbiri/video/7356048925893217553,https://www.tiktok.com/@intotx_/video/7359523515218824455,https://www.tiktok.com/@capcut_countrymusic/video/7332647045750295813,https://www.tiktok.com/@rudy.dot.70/video/7359188490946350342,https://www.tiktok.com/@luzmarygarciaestrada/video/7359407639320710405,https://www.tiktok.com/@phayou75/video/7359260908058725637,https://www.tiktok.com/@si_soy_yuli16/video/7359287361190022406
https://www.tiktok.com/@fruit_premium1/video/7344054163388517664,Sports,2024-04-19 18:00:06.745733,https://www.tiktok.com/@ubaidullahprince007/video/7359576202874555665,https://www.tiktok.com/@that_ify_/video/7359275833648876806,https://www.tiktok.com/@nessahmenezess/video/7359407469417762053,https://www.tiktok.com/@sabinaaaraiymkul1/video/7359475259206044933,https://www.tiktok.com/@sander924699130/video/7359399789106072838,https://www.tiktok.com/@yrzz_vale12/video/7359355071018142981,https://www.tiktok.com/@sukeynakyaa/video/7359370353858153734,https://www.tiktok.com/@azulashes08/video/7359343295085956357
https://www.tiktok.com/@overtimeboxing/video/7324472966975196458,Sports,2024-04-19 19:00:03.800157,https://www.tiktok.com/@overtimeboxing/video/7354525450946792747,https://www.tiktok.com/@elfranchee/video/7359634539666279685,https://www.tiktok.com/@frances.cameron7/video/7359471674875530514,https://www.tiktok.com/@sakurakun184/video/7359479554819378438,https://www.tiktok.com/@chrystalmartin13/video/7359354772425592071,https://www.tiktok.com/@user34191393/video/7359482830927269127,https://www.tiktok.com/@overtimeboxing/video/7354769289670429995,https://www.tiktok.com/@l__freefire/video/7359474063808466181
https://www.tiktok.com/@juliaperfetto/video/7341874535274138886,Sports,2024-04-19 20:00:04.847891,https://www.tiktok.com/@elfranchee/video/7359405344365366533,https://www.tiktok.com/@elfranchee/video/7359620975282982150,https://www.tiktok.com/@soobinncito/video/7359508758877310214,https://www.tiktok.com/@danielacvm/video/7359355604441353478,https://www.tiktok.com/@juliaperfetto/video/7332318650898107654,https://www.tiktok.com/@vmphires/video/7359285066012413200,https://www.tiktok.com/@zinasextra/video/7359304475598736658,https://www.tiktok.com/@juliaperfetto/video/7342549767844531461
https://www.tiktok.com/@tndtok/video/7343390993674177838,Sports,2024-04-19 21:00:05.466051,https://www.tiktok.com/@andyowndabezitha/video/7359363032117464326,https://www.tiktok.com/@tataoliveira25/video/7359243527936658693,https://www.tiktok.com/@alexandermoralespp/video/7359420953408982277,https://www.tiktok.com/@katty_lindx/video/7359334707781274886,https://www.tiktok.com/@demon_prada/video/7359440076465540360,https://www.tiktok.com/@andyowndabezitha/video/7359539851068181766,https://www.tiktok.com/@andyowndabezitha/video/7358298669457640709,https://www.tiktok.com/@andyowndabezitha/video/7358125279509794053
https://www.tiktok.com/@sarastreetfood/video/7325818979757411616,Sports,2024-04-19 22:00:09.367276,https://www.tiktok.com/@lih.romeiro/video/7353289097559018757,https://www.tiktok.com/@lih.romeiro/video/7354849023976541446,https://www.tiktok.com/@isadora_.nunes/video/7347828165269572869,https://www.tiktok.com/@camillocasecrets/video/7355871953359555846,https://www.tiktok.com/@isadora_.nunes/video/7357471798776040709,https://www.tiktok.com/@gioozinho/video/7354784294302256390,https://www.tiktok.com/@nickfrc/video/7356360541113257222,https://www.tiktok.com/@isadora_.nunes/video/7359694663877446917
https://www.tiktok.com/@y0mads/video/7323968997601611054,Sports,2024-04-19 23:00:04.019528,https://www.tiktok.com/@isadora_.nunes/video/7349308874932964613,https://www.tiktok.com/@isadora_.nunes/video/7348186473096678662,https://www.tiktok.com/@isadora_.nunes/video/7343005952498584838,https://www.tiktok.com/@nickfrc/video/7355984089087888646,https://www.tiktok.com/@madu.adamowski/video/7341183256651402502,https://www.tiktok.com/@juliadouradoo/video/7354376598365228293,https://www.tiktok.com/@isadora_.nunes/video/7346329152859016453,https://www.tiktok.com/@melissamartins12/video/7341505192237567237
https://www.tiktok.com/@theglowupsgal/video/7339696804839165227,Sports,2024-04-20 00:00:06.485698,https://www.tiktok.com/@griselosangeles/video/7343359227840367918,https://www.tiktok.com/@cassiesbooktok/video/7332615092204244229,https://www.tiktok.com/@mayanagy/video/7328559832183704837,https://www.tiktok.com/@peachyslime/video/7342647813051927850,https://www.tiktok.com/@ltsmikaylacampinos/video/7337854606262783274,https://www.tiktok.com/@isavlyyy/video/7359740479862246661,https://www.tiktok.com/@ashley_goyette/video/7335247903352491310,https://www.tiktok.com/@lifeinmotion08/video/7349336448299994410
https://www.tiktok.com/@cassidywilliamsnews/video/7356743717237312814,Sports,2024-04-20 01:00:07.444923,https://www.tiktok.com/@elfranchee/video/7359736162858192134,https://www.tiktok.com/@l3hcar/video/7329252004675554602,https://www.tiktok.com/@elfranchee/video/7359744793406131462,https://www.tiktok.com/@elfranchee/video/7359620010437790982,https://www.tiktok.com/@eagleeyeinspectionslv/video/7343289028822813994,https://www.tiktok.com/@justadadvideos/video/7329288800209833259,https://www.tiktok.com/@rantingtanget/video/7338215141168663850,https://www.tiktok.com/@chabelitarabitfn/video/7359686493239037189
https://www.tiktok.com/@gordonramsayofficial/video/7353691202740423969,Sports,2024-04-20 02:00:05.631112,https://www.tiktok.com/@jamilah_craig/video/7349021211382402334,https://www.tiktok.com/@.kenzielewis/video/7355673433931287850,https://www.tiktok.com/@raeganspoetry/video/7357057265968418091,https://www.tiktok.com/@tiktok/video/7340769834113813803,https://www.tiktok.com/@fernandanzengo0/video/7359258500528082182,https://www.tiktok.com/@fallontonight/video/7349947007617994030
https://www.tiktok.com/@footballcr99/video/7332910661657365806,Sports,2024-04-20 03:00:12.717593,https://www.tiktok.com/@patmcafeeshowofficial/video/7332621184296586539,https://www.tiktok.com/@obw_scute.92m/video/7337767807171513605,https://www.tiktok.com/@cbssports/video/7341473304340974891,https://www.tiktok.com/@obw_scute.92m/video/7337352005117021446,https://www.tiktok.com/@snowyy.aep/video/7329624091055361322,https://www.tiktok.com/@aep.uno/video/7342175834653969707,https://www.tiktok.com/@volleyballworld.pro/video/7348959276431445278,https://www.tiktok.com/@chicobestia6372/video/7359394765818973445
https://www.tiktok.com/@sadieemckennaa/video/7330031760375352582,Sports,2024-04-20 04:00:07.805087,https://www.tiktok.com/@pardisscarelllo/video/7338873419481500971,https://www.tiktok.com/@pardisscarelllo/video/7337802536914521386,https://www.tiktok.com/@breckiehill/video/7330572727667182894,https://www.tiktok.com/@pardisscarelllo/video/7342631400606092586,https://www.tiktok.com/@pardisscarelllo/video/7333688235127868715,https://www.tiktok.com/@doctor.z0idberg/video/7350040479154638122,https://www.tiktok.com/@pardisscarelllo/video/7337086475168812334,https://www.tiktok.com/@breckiehill/video/7330073956386377002
https://www.tiktok.com/@nyxnyc/video/7334389380666150187,Sports,2024-04-20 05:00:07.184423,https://www.tiktok.com/@omegalulz83/video/7359691039369727238,https://www.tiktok.com/@awheckitsemilyzeck/video/7353410231499525406,https://www.tiktok.com/@mehdinatv/video/7343808703604215046,https://www.tiktok.com/@witchess.store/video/7359717447601016069,https://www.tiktok.com/@medvileee/video/7359656699919174917,https://www.tiktok.com/@el.jefe.ganzo/video/7359768430666386693,https://www.tiktok.com/@hunt_xxvii/video/7347836008081181994,https://www.tiktok.com/@prayy4peace/video/7338202531006287150
https://www.tiktok.com/@butternutbakery/video/7321877936989146414,Sports,2024-04-20 06:00:06.148293,https://www.tiktok.com/@toyyii_/video/7353259687103515947,https://www.tiktok.com/@butternutbakery/video/7343033341123382559,https://www.tiktok.com/@butternutbakery/video/7348968140249795870,https://www.tiktok.com/@elfranchee/video/7359719455485627654,https://www.tiktok.com/@elfranchee/video/7359725130123169029,https://www.tiktok.com/@elfranchee/video/7359706672446590213,https://www.tiktok.com/@butternutbakery/video/7345262475463445791,https://www.tiktok.com/@butternutbakery/video/7337476068141452575
https://www.tiktok.com/@brfootball/video/7341916431719714080,Sports,2024-04-20 07:00:02.045734,https://www.tiktok.com/@skillzwizard/video/7354439002847481094,https://www.tiktok.com/@israeldrummer/video/7347527463888506117,https://www.tiktok.com/@messicompz/video/7338398634209316103,https://www.tiktok.com/@fahad.hz9/video/7355824116399885585,https://www.tiktok.com/@fahad.hz9/video/7355824850088267024,https://www.tiktok.com/@jodyleepasquallie16/video/7359876983825648901,https://www.tiktok.com/@thelmachipungu1/video/7359877691740359941,https://www.tiktok.com/@messicompz/video/7339762177865174279
https://www.tiktok.com/@avery22w/video/7322217259160620331,Sports,2024-04-20 08:00:05.761749,https://www.tiktok.com/@avatarworld357/video/7359559507397102866,https://www.tiktok.com/@kattyfloresadujar/video/7359766616902503686,https://www.tiktok.com/@avery22w/video/7323326412901862698,https://www.tiktok.com/@avery22w/video/7320239199091854638,https://www.tiktok.com/@avery22w/video/7328128919410871582,https://www.tiktok.com/@las.mejores.prend/video/7359790664764230918,https://www.tiktok.com/@lil.baby4pf1/video/7359748965941742853,https://www.tiktok.com/@urihernandez55/video/7359816351583685893
https://www.tiktok.com/@americafirst617/video/7353404576638242090,Sports,2024-04-20 09:00:00.425123,https://www.tiktok.com/@americafirst617/video/7352693182502685995,https://www.tiktok.com/@americafirst617/video/7344727060050496811,https://www.tiktok.com/@americafirst617/video/7347443581185101102,https://www.tiktok.com/@americafirst617/video/7344732962845429034,https://www.tiktok.com/@jessebwatters/video/7341578296326524206,https://www.tiktok.com/@zmngz14/video/7359881187780857093,https://www.tiktok.com/@pandaeyesofficialstore/video/7359828776953351445,https://www.tiktok.com/@esotericstargirl/video/7359869671568395525
https://www.tiktok.com/@bayashi.tiktok/video/7335958548041583880,Sports,2024-04-20 10:00:12.327758,https://www.tiktok.com/@youdontknowme0460/video/7359730791976307974,https://www.tiktok.com/@bayashi.tiktok/video/7350625437254569218,https://www.tiktok.com/@bayashi.tiktok/video/7342060591575518465,https://www.tiktok.com/@bayashi.tiktok/video/7340904970142911745,https://www.tiktok.com/@bayashi.tiktok/video/7342834440865058049,https://www.tiktok.com/@youdontknowme0460/video/7359730187258416389,https://www.tiktok.com/@youdontknowme0460/video/7359728970239053061,https://www.tiktok.com/@daily_motivationu/video/7359819022659095813
https://www.tiktok.com/@zion1edit/video/7326072711598361888,Sports,2024-04-20 11:00:17.437533,https://www.tiktok.com/@avaryamberxx/video/7359931614111255814,https://www.tiktok.com/@.listl/video/7359869043450367239,https://www.tiktok.com/@kogumipip/video/7359763767518940432,https://www.tiktok.com/@daniel.davison25/video/7359520333013028097,https://www.tiktok.com/@bbyrita26/video/7359489343632706821,https://www.tiktok.com/@user8407000497980/video/7359882117045652753,https://www.tiktok.com/@.listl/video/7349573171219238151,https://www.tiktok.com/@.listl/video/7331377373549448456
https://www.tiktok.com/@cecilybauchmann/video/7344182211605876014,Sports,2024-04-20 12:00:13.989248,https://www.tiktok.com/@cecilybauchmann/video/7354816001889881387,https://www.tiktok.com/@cecilybauchmann/video/7351134625760152875,https://www.tiktok.com/@nataliezacek/video/7342896852884360494,https://www.tiktok.com/@bryana.ferringer/video/7352677368462445867,https://www.tiktok.com/@cecilybauchmann/video/7337807895817473310,https://www.tiktok.com/@cecilybauchmann/video/7353021358206471467,https://www.tiktok.com/@cecilybauchmann/video/7351133192381795626,https://www.tiktok.com/@darcymcqueenyyy/video/7350027270469405998
https://www.tiktok.com/@storytoknow13/video/7349268064854117664,Sports,2024-04-20 13:00:12.117999,https://www.tiktok.com/@slidesai/video/7332989669526785288,https://www.tiktok.com/@youry092/video/7359577531634322694,https://www.tiktok.com/@humor_animations/video/7348572198254267681,https://www.tiktok.com/@canoline/video/7359579591100419334,https://www.tiktok.com/@user8536639233004/video/7359490864751660293,https://www.tiktok.com/@musa.mosez/video/7359701621883948294,https://www.tiktok.com/@1mohamedelsebaey/video/7359576363684171014,https://www.tiktok.com/@judith8378/video/7359580769003523333
https://www.tiktok.com/@callieguerra/video/7336767612707261738,Sports,2024-04-20 14:00:17.939343,https://www.tiktok.com/@ariyostitches/video/7359681037733055749,https://www.tiktok.com/@sinali.coulibaly/video/7359615379942952197,https://www.tiktok.com/@sapanayonzan01/video/7331676123996245249,https://www.tiktok.com/@kazi_daii/video/7359513636454419719,https://www.tiktok.com/@sarahkonate131/video/7359731167592975622,https://www.tiktok.com/@stefanak2/video/7356340515735981317,https://www.tiktok.com/@diovanasilva475/video/7359761948650507525,https://www.tiktok.com/@sapanayonzan01/video/7353144199337774353
https://www.tiktok.com/@spartanpuckpht/video/7326204935874350378,Sports,2024-04-20 15:00:10.265267,https://www.tiktok.com/@roboloxguy13/video/7359780535809395976,https://www.tiktok.com/@hajjisultanwaeel/video/7359985828422028562,https://www.tiktok.com/@qst33n/video/7359808579227995400,https://www.tiktok.com/@zixep0/video/7359917620558138640,https://www.tiktok.com/@eishi.fortis/video/7359846936226188551,https://www.tiktok.com/@roboloxguy13/video/7359885375193599239,https://www.tiktok.com/@roboloxguy13/video/7358726132444826887,https://www.tiktok.com/@roboloxguy13/video/7358808465621437704
https://www.tiktok.com/@whitneyysimmons/video/7324808052903873834,Sports,2024-04-20 16:00:05.191461,https://www.tiktok.com/@whitneyysimmons/video/7340062811386596650,https://www.tiktok.com/@whitneyysimmons/video/7342195928020962606,https://www.tiktok.com/@whitneyysimmons/video/7340466036325600555,https://www.tiktok.com/@hypmanpapperboy/video/7359589840293203205,https://www.tiktok.com/@saqibmurshid302/video/7359982086725324038,https://www.tiktok.com/@saqibmurshid302/video/7359982276802792710,https://www.tiktok.com/@saqibmurshid302/video/7359978239021812998,https://www.tiktok.com/@shahidsaggar88/video/7347984808896695558
https://www.tiktok.com/@kagan_dunlap/video/7329273345134939434,Sports,2024-04-20 17:00:07.515484,https://www.tiktok.com/@angelssupersecretpriv/video/7359924731463601426,https://www.tiktok.com/@espn/video/7335145252527033646,https://www.tiktok.com/@6vqtr6/video/7359921698944126226,https://www.tiktok.com/@shi.j/video/7359875299380661510,https://www.tiktok.com/@kagan_dunlap/video/7353973346213793070,https://www.tiktok.com/@kagan_dunlap/video/7356292061085060395,https://www.tiktok.com/@kagan_dunlap/video/7355640470040710446,https://www.tiktok.com/@bonitaaaaa27/video/7359992125850684680
https://www.tiktok.com/@mitchell.sheehan/video/7337118243460533547,Sports,2024-04-20 18:00:08.904123,https://www.tiktok.com/@jnstrrn/video/7359951959341665544,https://www.tiktok.com/@dul.darinka33/video/7359967856391490822,https://www.tiktok.com/@mitchell.sheehan/video/7337098695428574507,https://www.tiktok.com/@rizz_wl/video/7360033473568017669,https://www.tiktok.com/@l.miaarte/video/7359955338809953542,https://www.tiktok.com/@jnstrrn/video/7349755471194033415,https://www.tiktok.com/@jnstrrn/video/7356465424004959496,https://www.tiktok.com/@jnstrrn/video/7352524237812337938
https://www.tiktok.com/@clilfsbff/video/7355669409454902574,Sports,2024-04-20 19:00:10.949841,https://www.tiktok.com/@clilfsbff/video/7339274566805605678,https://www.tiktok.com/@tikkekilse/video/7359713734417255686,https://www.tiktok.com/@princeboy9900/video/7359467668514016533,https://www.tiktok.com/@maddoxvr188/video/7359948271877393680,https://www.tiktok.com/@zeeshanmaqbool406/video/7357950564191178002,https://www.tiktok.com/@shahijanan2/video/7359463723741793554,https://www.tiktok.com/@malikshajaralipur/video/7359023615884496129,https://www.tiktok.com/@princeboy9900/video/7359964878485933333
https://www.tiktok.com/@songofskin/video/7322451384014507307?q=korean%20skincare&t=1713318053671,Sports,2024-04-20 20:00:00.187175,https://www.tiktok.com/@katyacath/video/7359925928107166982?q=korean skincare&t=1713318053671,https://www.tiktok.com/@silly_ranpo/video/7359950400755109126?q=korean skincare&t=1713318053671,https://www.tiktok.com/@fakedapraddo/video/7359923416343874822?q=korean skincare&t=1713318053671,https://www.tiktok.com/@sam533561/video/7359919156956908801?q=korean skincare&t=1713318053671,https://www.tiktok.com/@islameternal10k/video/7359867013684137223?q=korean skincare&t=1713318053671,https://www.tiktok.com/@f04thing/video/7359852401928572166?q=korean skincare&t=1713318053671,https://www.tiktok.com/@dishaspamz06/video/7359841038476840208?q=korean skincare&t=1713318053671,https://www.tiktok.com/@nq2er_/video/7359886382975716625?q=korean skincare&t=1713318053671
https://www.tiktok.com/@jenneipher/video/7326954352466349355,Sports,2024-04-20 21:00:03.829132,https://www.tiktok.com/@jenneipher/video/7354018199177809194,https://www.tiktok.com/@jenneipher/video/7355507531957013803,https://www.tiktok.com/@butterfly.bae5/video/7359658033489661190,https://www.tiktok.com/@minelva.de.ortega6/video/7359575190898003205,https://www.tiktok.com/@afsarraeess08/video/7359573467034815751,https://www.tiktok.com/@sohail12r/video/7359568166332255504,https://www.tiktok.com/@richardwoode2/video/7338667686164958510,https://www.tiktok.com/@rosebelle4529/video/7359677936124857605
https://www.tiktok.com/@zambriiy/video/7324528286183345454,Sports,2024-04-20 22:00:11.167847,https://www.tiktok.com/@phar_deh20/video/7359866541304777990,https://www.tiktok.com/@daytonmodderman/video/7338206229631700267,https://www.tiktok.com/@itz_luis.herz/video/7341623021767052586,https://www.tiktok.com/@iwantacinnamonroll/video/7330146767838760222,https://www.tiktok.com/@_lost_kite_/video/7359954132192578821,https://www.tiktok.com/@lamainethetrain/video/7327093253046537514,https://www.tiktok.com/@molly.andriley/video/7350114051126578462,https://www.tiktok.com/@444_brandon3/video/7341036998817287470
https://www.tiktok.com/@ndgojordy/video/7329567296127601966,Sports,2024-04-20 23:00:09.028031,https://www.tiktok.com/@dc._2x/video/7335228627614698798,https://www.tiktok.com/@adrien_nunez/video/7330028331468918058,https://www.tiktok.com/@overtime/video/7337101422133005610,https://www.tiktok.com/@herro.prodigy/video/7336793033465171231,https://www.tiktok.com/@dc._2x/video/7334107758804962606,https://www.tiktok.com/@therealgerron/video/7332973310273146155,https://www.tiktok.com/@jaredmccain24/video/7332625884651834654,https://www.tiktok.com/@byron2x/video/7346376660742049054
https://www.tiktok.com/@edwardzo/video/7349664900228091167?q=newest%20k%20beauty&t=1713318108795,Sports,2024-04-21 00:00:16.803270,https://www.tiktok.com/@aurorakaon_/video/7355938652914044168?q=newest k beauty&t=1713318108795,https://www.tiktok.com/@edwardzo/video/7352264336586427678?q=newest k beauty&t=1713318108795,https://www.tiktok.com/@royalty.fandom_/video/7360094544949513492?q=newest k beauty&t=1713318108795,https://www.tiktok.com/@edwardzo/video/7348892889230920990?q=newest k beauty&t=1713318108795,https://www.tiktok.com/@david.santiago.223/video/7360066740618939654?q=newest k beauty&t=1713318108795,https://www.tiktok.com/@yarisiro0/video/7360060338626186514?q=newest k beauty&t=1713318108795,https://www.tiktok.com/@luna29092016/video/7359727499531652358?q=newest k beauty&t=1713318108795,https://www.tiktok.com/@_.mariaajoosee._/video/7360069469332344069?q=newest k beauty&t=1713318108795
https://www.tiktok.com/@charminglyfrugal/video/7347818606912146730,Sports,2024-04-21 01:00:15.173266,https://www.tiktok.com/@vnkms/video/7360046095017315585,https://www.tiktok.com/@bakulexicosplay/video/7359919594611428613,https://www.tiktok.com/@twistedsphreak/video/7360026669391826181,https://www.tiktok.com/@akanetokito5/video/7359809794674396423,https://www.tiktok.com/@newjeanseditors/video/7359823960554491141,https://www.tiktok.com/@rou1019/video/7360131492749561096,https://www.tiktok.com/@mazelovv.mzlff/video/7359966306004684040,https://www.tiktok.com/@twistedsphreak/video/7357941326173834502
https://www.tiktok.com/@lucymakes_/video/7348162190538542379,Sports,2024-04-21 02:00:02.920639,https://www.tiktok.com/@jemsyy_/video/7344718272379538730,https://www.tiktok.com/@yuyi_chua/video/7343840893096512810,https://www.tiktok.com/@wormstastefunny/video/7331787262981655850,https://www.tiktok.com/@kazsawyer/video/7338608935391268142,https://www.tiktok.com/@lis_daily_/video/7327339548869135662,https://www.tiktok.com/@kayleesticker/video/7348587743372430623,https://www.tiktok.com/@winefarts/video/7348951336752270622,https://www.tiktok.com/@bjoyce777/video/7337744959208017182
https://www.tiktok.com/@khaby.lame/video/7333713465917328672,Sports,2024-04-21 03:00:09.647746,https://www.tiktok.com/@cannabikashop/video/7360059547685293317,https://www.tiktok.com/@elfranchee/video/7360115537512320261,https://www.tiktok.com/@rybkatwinsofficial/video/7345522916676734251,https://www.tiktok.com/@becky31858/video/7359636614684986629,https://www.tiktok.com/@nelo.vargas/video/7359849326341868805,https://www.tiktok.com/@yusuf.anas9/video/7359649320888503558,https://www.tiktok.com/@geroni.goncalves/video/7359635040587844869,https://www.tiktok.com/@mamipakyaw/video/7359639235340537094
https://www.tiktok.com/@aylennpark/video/7288851506059660590?q=k%20beauty&t=1713318136917,Sports,2024-04-21 04:00:12.710777,https://www.tiktok.com/@aylennpark/video/7339003261019557162?q=k beauty&t=1713318136917,https://www.tiktok.com/@elfranchee/video/7360142383733951749?q=k beauty&t=1713318136917,https://www.tiktok.com/@solarkatevipp5/video/7360001464925818113?q=k beauty&t=1713318136917,https://www.tiktok.com/@tu_amor_isacc/video/7360025473503612165?q=k beauty&t=1713318136917,https://www.tiktok.com/@gene_01.2/video/7360125170184441093?q=k beauty&t=1713318136917,https://www.tiktok.com/@el_vaquero_sonorense/video/7360109043022662918?q=k beauty&t=1713318136917,https://www.tiktok.com/@brahyan_rosales/video/7360038687964548357?q=k beauty&t=1713318136917,https://www.tiktok.com/@aylennpark/video/7347144452428860715?q=k beauty&t=1713318136917
https://www.tiktok.com/@kahlilgreene/video/7339963987880299822,Sports,2024-04-21 05:00:17.407860
https://www.tiktok.com/@elroyredbeard/video/7327815341093031210,Sports,2024-04-21 06:00:07.285760,https://www.tiktok.com/@shiftless7/video/7347824548630236422,https://www.tiktok.com/@merkules604/video/7342274807154724102,https://www.tiktok.com/@evrizzle/video/7334403085609012523,https://www.tiktok.com/@brandahoops/video/7340019802838388014,https://www.tiktok.com/@nicksface/video/7332222689949519109,https://www.tiktok.com/@memes_foryoufeed/video/7329730967982312750,https://www.tiktok.com/@finzys/video/7333950103524216065,https://www.tiktok.com/@anataliav/video/7330446787200683307
https://www.tiktok.com/@tufutbolfavorito/video/7343826274500021546,Sports,2024-04-21 07:00:13.821127
https://www.tiktok.com/@user7282247529/video/7356325315381153066,Sports,2024-04-21 08:00:01.393676
https://www.tiktok.com/@wffnews/video/7327397121571835178,Sports,2024-04-21 09:00:10.635547,https://www.tiktok.com/@irw1_/video/7360156038097620229,https://www.tiktok.com/@do02jem/video/7360231454892182789,https://www.tiktok.com/@jetgun2/video/7360197606913494279,https://www.tiktok.com/@rizwanafridi190/video/7358387276860247303,https://www.tiktok.com/@christy12491/video/7360083303170592006,https://www.tiktok.com/@wmughalzadi/video/7360246279412239623,https://www.tiktok.com/@ugolord/video/7359670351581826346
https://www.tiktok.com/@shazabfarooqui/video/7334095065071029547,Sports,2024-04-21 10:00:10.360728,https://www.tiktok.com/@emma.denniss/video/7346030621216509230,https://www.tiktok.com/@kayleercaldwell/video/7344794957712084255,https://www.tiktok.com/@ashleycharmfive/video/7338173120391417131,https://www.tiktok.com/@elliehunt588/video/7332639385889901866,https://www.tiktok.com/@floridaboyyg_official/video/7345573146885410090,https://www.tiktok.com/@hannah.j.c16/video/7328897087972592926,https://www.tiktok.com/@snow.bunny.isla/video/7335433921410157855,https://www.tiktok.com/@devinsiskphotography/video/7327463214697123115
https://www.tiktok.com/@genipool14/video/7328111534331202817,Sports,2024-04-21 11:00:03.403581,https://www.tiktok.com/@omarnutro/video/7349341501039594798,https://www.tiktok.com/@genipool14/video/7338921763461483777,https://www.tiktok.com/@genipool14/video/7331114441238433025,https://www.tiktok.com/@genipool14/video/7328869108244581634,https://www.tiktok.com/@genipool14/video/7356742320458304784,https://www.tiktok.com/@omarnutro/video/7343813231707835694,https://www.tiktok.com/@omarnutro/video/7351910697774697774,https://www.tiktok.com/@omarnutro/video/7348953130786229547
https://www.tiktok.com/@taylorhartmann_hair/video/7322303826210458922,Sports,2024-04-21 12:00:14.125635,https://www.tiktok.com/@ola.gold625/video/7359955414869445893,https://www.tiktok.com/@taylorhartmann_hair/video/7344400803928493343,https://www.tiktok.com/@npcbalance/video/7329383672824466731,https://www.tiktok.com/@taylorhartmann_hair/video/7331057899306749215,https://www.tiktok.com/@taylorhartmann_hair/video/7342173321024245022,https://www.tiktok.com/@taylorhartmann_hair/video/7350734779920223518,https://www.tiktok.com/@taylorhartmann_hair/video/7331901117523168543,https://www.tiktok.com/@abdiiseid3/video/7360022633452178694
https://www.tiktok.com/@hustlegod510/video/7328810190785056046,Sports,2024-04-21 13:00:13.089138,https://www.tiktok.com/@paperow/video/7360273415548292359,https://www.tiktok.com/@lovelydaughter_/video/7359806541651807494,https://www.tiktok.com/@shweeain110/video/7360150909667560720,https://www.tiktok.com/@funnycomedy9876/video/7360302071616113928,https://www.tiktok.com/@serenito.11/video/7360009818247073029,https://www.tiktok.com/@i_ammiashi/video/7360127939138030854,https://www.tiktok.com/@princessnicolezia/video/7359907963257031942,https://www.tiktok.com/@shweeain110/video/7360156536259267857
https://www.tiktok.com/@alexbabii97/video/7328073960015351086,Sports,2024-04-21 14:00:11.187586,https://www.tiktok.com/@zootedbluehappyface/video/7330745390796377387,https://www.tiktok.com/@thattrendyteacher/video/7327803174130027822,https://www.tiktok.com/@countrydancekris/video/7330034722183122219,https://www.tiktok.com/@hoeishactivities2.0/video/7345986221979536682,https://www.tiktok.com/@thattrendyteacher/video/7327485698955676971,https://www.tiktok.com/@barstoolsports/video/7332229342086450463,https://www.tiktok.com/@atlhawks/video/7330070186030075166,https://www.tiktok.com/@barstoolsports/video/7335982171338870046
https://www.tiktok.com/@ceeposts/video/7327423854966557998,Sports,2024-04-21 15:00:05.154686,https://www.tiktok.com/@gianna_fernandez146/video/7328500667620937006,https://www.tiktok.com/@_.yourstrulyyyy._/video/7327399689844739370,https://www.tiktok.com/@luckychika19/video/7360272503769484550,https://www.tiktok.com/@t456390/video/7360056709949213958,https://www.tiktok.com/@loveug02/video/7359888825017027845,https://www.tiktok.com/@badboyfrankie3/video/7359873285384899846,https://www.tiktok.com/@yurisreyes520/video/7360181170690116870,https://www.tiktok.com/@luckychika19/video/7360273280122588422
https://www.tiktok.com/@nicoleisgod/video/7324389475226799402,Sports,2024-04-21 16:00:00.109615,https://www.tiktok.com/@itscoachjackie/video/7334804027529710894,https://www.tiktok.com/@i.luv.kaylareed/video/7336699190904376618,https://www.tiktok.com/@nicoleisgod/video/7334862816878562606,https://www.tiktok.com/@busy._pawss/video/7357336399038778625,https://www.tiktok.com/@nicoleisgod/video/7342264476114177323,https://www.tiktok.com/@nicoleisgod/video/7343707603404328235,https://www.tiktok.com/@nicoleisgod/video/7332956559003192618,https://www.tiktok.com/@bleacherreport/video/7352948316457471275
https://www.tiktok.com/@truecrimerecaps/video/7351505891239251242,Sports,2024-04-21 17:00:14.721414,https://www.tiktok.com/@faded_dragonpupeteer/video/7360181330920934662,https://www.tiktok.com/@baby_gwilliams/video/7360179339872324872,https://www.tiktok.com/@andrenetto0/video/7359965622538685701,https://www.tiktok.com/@truecrimerecaps/video/7333396479207312686
https://www.tiktok.com/@gordonramsayofficial/video/7341108653442829601,Sports,2024-04-21 18:00:05.680762,https://www.tiktok.com/@recipes/video/7345144080118140178,https://www.tiktok.com/@ken.c.long/video/7340436925418917126,https://www.tiktok.com/@giftgenius/video/7333346966237170950,https://www.tiktok.com/@steves.adventure/video/7347709534976118024,https://www.tiktok.com/@ken.c.long/video/7342527013414096134,https://www.tiktok.com/@andy_cooks/video/7356561154732248321,https://www.tiktok.com/@aussiefitness/video/7355840516979756308,https://www.tiktok.com/@insta.noodls/video/7330044337688005893
https://www.tiktok.com/@chabewhite/video/7355180110460374278,Sports,2024-04-21 19:00:02.714080,https://www.tiktok.com/@betasquad523/video/7359934099802295560,https://www.tiktok.com/@chabewhite/video/7359741734638669061,https://www.tiktok.com/@chabewhite/video/7334394383858519302,https://www.tiktok.com/@leslyemarz/video/7340783523604811014,https://www.tiktok.com/@doesntknowwhatshewants/video/7337463432402291973,https://www.tiktok.com/@hemersonflorz503/video/7352880879674346795,https://www.tiktok.com/@deickoo/video/7344833865615297798,https://www.tiktok.com/@blexxxf/video/7360314622022356230
https://www.tiktok.com/@minhanhhh_3/video/7321696277274610990,Sports,2024-04-21 20:00:02.540142
https://www.tiktok.com/@royal..tee/video/7332843670607170862,Sports,2024-04-21 21:00:00.161743,https://www.tiktok.com/@antoyvicky2014/video/7359970662104009990
https://www.tiktok.com/@minibakerychannel/video/7349770550111423790,Sports,2024-04-21 22:00:15.854266,https://www.tiktok.com/@camfant/video/7353031065021238571,https://www.tiktok.com/@meghanandjack/video/7354062436187639083,https://www.tiktok.com/@onlyfamousbrian/video/7339597094568725803,https://www.tiktok.com/@olybre/video/7345468827741867295,https://www.tiktok.com/@pmdamiann/video/7329704169743469867,https://www.tiktok.com/@dangmattsmith/video/7329358726932991275,https://www.tiktok.com/@weuamiri/video/7347785054153755934,https://www.tiktok.com/@kimp0ssiblez/video/7337476222131244318
https://www.tiktok.com/@ausopen/video/7328666215214288129?q=tennis&t=1713314283271,Sports,2024-04-21 23:00:02.202688,https://www.tiktok.com/@ausopen/video/7354777530223594753?q=tennis&t=1713314283271,https://www.tiktok.com/@ausopen/video/7351228662982675714?q=tennis&t=1713314283271,https://www.tiktok.com/@ausopen/video/7349337980252802306?q=tennis&t=1713314283271,https://www.tiktok.com/@wakluv._/video/7360120431350697222?q=tennis&t=1713314283271,https://www.tiktok.com/@ausopen/video/7357173825718504720?q=tennis&t=1713314283271,https://www.tiktok.com/@ausopen/video/7328723377047293185?q=tennis&t=1713314283271,https://www.tiktok.com/@ausopen/video/7329046126693289218?q=tennis&t=1713314283271,https://www.tiktok.com/@ausopen/video/7329349252969155842?q=tennis&t=1713314283271
https://www.tiktok.com/@_giannalove/video/7325171122000055598,Sports,2024-04-22 00:00:01.867038,https://www.tiktok.com/@wsgwitit20/video/7360386897736207624,https://www.tiktok.com/@_giannalove/video/7350718404279438634,https://www.tiktok.com/@itsyaboyaustin4/video/7358522452261080362,https://www.tiktok.com/@_giannalove/video/7340754557351382315,https://www.tiktok.com/@marvilla_2007/video/7360354218143747334,https://www.tiktok.com/@volleyball__worlddd/video/7353398649449172270,https://www.tiktok.com/@mhiz.gladys0/video/7360306784571018501,https://www.tiktok.com/@user3026964558013/video/7360363985666952453
